post_id	preds
1	['x4zuv4jo', '8zufbeuz', 'bv7hvc1e', 'tpic8ddl', 'rbgoabfk']
2	['evf9nz05', '30r8zd0l', 'e7gq365q', '6ajmuuld', 'o9vlrox4']
3	['2kd89h12', '82y56t7d', 'trrg1mnw', 'gtp5daep', 'yosjlefy']
4	['ru2ty1y9', 'wabd3b9z', '5gshj480', '104lecie', 'u20e82de']
5	['f5p37j7g', 'nzat41wu', 'e5y8pp5b', 'g283lf8j', 'tplp90or']
6	['hhy9g1yf', 'ko8lyoob', 'vdd8uuv8', 'wd7drbky', 'vgvcd02j']
7	['x5htdsbn', 'zyrvgaql', 'rk9hsw2b', 'leqluxpl', 'hhg2nyoz']
8	['30r8zd0l', 'ulfz0b15', '35nshnn2', '6lsgwvsv', '0aqww7cz']
9	['atnxkvy6', '611ih9pl', 'g99myvw1', '46r46ja3', '3ybiysp4']
10	['n8j1iq8p', 'mja2qlpk', 'npe81wc8', 'u8mu4yga', 'q3mx0hf1']
11	['jp80u828', 'l4u01fzk', 'i8jv5iqo', '4oxbczqe', 'peiqusin']
12	['yzn6jibu', 'iu6epm2i', '2y6cmng5', '0iy8clcm', 'ka2kyqmk']
13	['s4l216x9', '3km6yfr6', 'bgljm9q2', '6wsa54w2', 'idhbd102']
14	['geo7ac5i', 'roi3lta6', 'e7gq365q', '376x58k1', 'ay69e8ad']
15	['nbdk83ok', 'dpyz8uh4', 'e6miaabh', 'g05z8cux', 'a7420by2']
16	['v9366atg', 'qu7ddcw9', 'u99omznb', 'u4ntxo0y', 'ypmeh8y3']
17	['ccxnsmia', 'h2uc7ria', 'j99cgsjt', 'jer4jwwf', 'ga6stxuh']
18	['1s8jzzwg', '8je46886', 'u8mu4yga', 'w1bx4a7v', 'ef3warsh']
19	['fff0swre', 'ncfvllzi', 'y0mbzzx0', 'lsfnkpcb', 'v10454ns']
20	['gh9sy7sl', 'xpwv8xlv', '1aqf98e0', 'cnmawglq', 'e1mnj7bf']
21	['80dfqjql', 'n5bqf6rj', 'pc2cnhjd', 'od5nnxvg', 'jer4jwwf']
22	['5gldyo2d', 'xeb14weg', 'e2rtzymt', '8jxacsfr', 'idg7c8wf']
23	['isxasd9b', 's1hmhupe', 'zoipx650', '0lk8eujq', 'tdlcb9bf']
24	['flqdf8vd', 'dt7hip0z', 'wk61uyrt', 'lrgmyfjs', 'raw2mt47']
25	['uzry86hi', 'dqrp18c6', 'n9nu5n44', '15q47bw5', 'm2id6kxw']
26	['i0bc6k81', '8393t8xl', 'jtb71lfd', 'vj2z52vg', 'tm9jb7bq']
27	['32ua8wb6', 'cutwvq3b', 'ybliwnw6', 'qbj8n8h6', '6cx33se3']
28	['64ugdvfe', 'q3mx0hf1', 'w1bx4a7v', 'a0q61mpi', '2a12nsnl']
29	['r5iu5nr1', 'r4yukmwe', '3bbiyucq', 'xymnnjoc', 'qjin5w03']
30	['vw8a1994', '1o5y5zma', 'tlr243il', '7i4ssxac', 'yc7cvbii']
31	['ix0xi5jb', 'ob10sxfv', 'v857wnfh', 'lehzj4d8', 'q8o1czcx']
32	['mt0c57cp', 'eapwqsrc', 'gb1sk22m', '2bpyvgv7', '0imnd2q5']
33	['7zngkwoh', 'iylmvmv3', 'upiu3e2d', 'fj6l76hq', '0vlh67jw']
34	['ct4licep', '7a7oi5dt', 't1ughb9b', 'g6i3x433', 'b7k6x49v']
35	['7tp8z7n8', 'z6sjfdb9', '1itor6ic', 'm2id6kxw', 'y6ufb4l6']
36	['u31ixcwa', '4gj9d181', '40dsvwyb', 'sm0112e3', '2qwk2z22']
37	['8l1vfsbc', '6eivv0d9', '6g4oclln', 'aqke0012', 'g05z8cux']
38	['apfimvix', 'ldmjcf2n', 'wbix36hf', 'r4yukmwe', '1yrhikew']
39	['bhleyzhc', '53vvp3j5', 'po32j519', 'g266ttng', 'lvvw1npq']
40	['iez1j9jn', 'cgc0v1dg', 'h00mbgsq', '1vmicejr', '8rv94jeu']
41	['y0u00y67', '08z6z7d5', '1blzi9r3', 'bxuwx1jj', '4hog76lx']
42	['ike8mgh6', 'l4y7v729', 'g266ttng', 'leg5ntvu', '42wh36ge']
43	['52lf5gzr', 'djev6er7', '9ei6ubx6', '1k0qpuys', 'gcsew8u3']
44	['roe6g61u', 'sywxrxmf', 'fub50lvt', 'vrjibtfi', 'rp9opdmd']
45	['s2vckt2w', 'ga6stxuh', 'f5twvg9g', '726t123x', 'l2i3aa3k']
46	['xegy9krj', 'u4ntxo0y', 'ahpkmffy', 'hhq50mrc', '0aik5i71']
47	['0extp6r3', 'rnq3k34m', 'rw3l8nk8', 'aceu86at', 'fk16k9ts']
48	['fe456in0', '6vqf2n5j', 'xtnyad3j', '3yi44xfe', 'm6eotnko']
49	['2pufns7d', 'bqy5eo3p', 'il4wa97x', 'bshcsfxr', '35fnrje0']
50	['4hmecfi0', 'h13p6ogs', '3jgm3uhs', 'aspn870c', 'mom4y7cl']
51	['uj5deryi', 'hmkqnply', 'i1icueuw', 'nvtoxzka', '0pptqw7o']
52	['tuqmar6w', 'g5h4tazp', 'yw8a1ssd', '3mk8dwf9', 'wun5rwsk']
53	['jfvq2gfx', 'ftq6ed38', 'kt47i60w', 'dti9o5x3', 'uyo1rpx6']
54	['4ehxnzc7', 'jo724gaw', 't006jnl5', 'l07q84ni', 'cpqeo65g']
55	['vvmb92wo', 'fj6l76hq', 'g17lp8ch', '0vlh67jw', 'xpwv8xlv']
56	['vc6j8ao2', 'ex3s7ytv', 'w3d33mq0', 'mz1bof2x', 'r1tp27z8']
57	['bvzi49hy', 'rhnr430g', 'ocxl6cf4', 'g4i4hkhz', 'zelsywyu']
58	['8cvjsisw', '033phqmd', 'c3wkwn0u', 'wmpjfc02', 'dudc5eh8']
59	['ezrmuw48', 'tug2t7dm', 'fgab2fu3', 'g3z9fp31', 'fety7g0q']
60	['3mfwweyr', 'uto9q6s2', 'qlwergum', '94w1sbsb', 'wh3k3u28']
61	['9aw78s63', 'trmwm9qq', '5gshj480', 'wb601nx8', '2l883zhe']
62	['25aj8rj5', 'f0wpsaip', 'mqup3o1x', '2xzntu5c', 'xm1000xv']
63	['5o9bbspc', 'tdlcb9bf', 'xi3d70kq', '195h4ofw', 'h82r1ttc']
64	['7a7oi5dt', 'd1p8zo23', '1992wisb', 'o3cr0xvm', 'xjc0l0tv']
65	['a0dvzhc8', '748c97u7', 'uyo1rpx6', '7qxs79qy', '30r8zd0l']
66	['uejtwgar', 'kwqdyhn6', '7aaiyppx', '1umbwskb', 'mup5hr7e']
67	['m40kwgcg', 'ze2rkb9z', '747lx5c2', 'td8uwcas', 'n8j1iq8p']
68	['eflwztji', 'txnegebz', '376x58k1', 'lpbb4rga', '5upb25gt']
69	['kayh0v56', 'zew4tzy7', '9zco6ofx', 'z2z0hu49', 'w7wdq05u']
70	['7f33cu6l', '4gxff3rd', 'pfh6nm9r', 'cabmmgg6', '5zaw2iot']
71	['9k4pwc2h', '6c47sm6i', 'z94skip6', 'awfgfmx1', '41uuzzpg']
72	['ywne437k', 'ay7gv9lv', '9pp81nw7', 'zvngy7zz', '8ko2lc1b']
73	['qdmkx03t', '3tfof5nd', 'a0dvzhc8', '7a543f7v', 'v8ujnrbi']
74	['1vcc1khg', '8ko7mmu3', 'dhd9e9bn', 'astxi4el', '9ezhwvv9']
75	['0bh8i14e', '5lzixulv', 's4xintwp', 'bzeqs5oh', 'jtgpzrf9']
76	['isivkz8b', 'cgc0v1dg', '095g2l66', 'rkgrsiqf', 'r2cx0nmw']
77	['myeiu66g', 'wbk363w1', 'i89fbfea', 'bshcsfxr', 'xrgb9pve']
78	['5q8k71et', 'mjm2kap6', '1gbq9j88', 'wun5rwsk', 'fcb8egak']
79	['2f7wqamp', '2rx84imv', '9pb2eqoa', 'jgq968f6', '607lsqlg']
80	['7qxs79qy', 'edx9z9oi', 'jdg8gsve', 'o0m20894', '2ierk83o']
81	['7yocj24n', 'fnguelau', 'spkjn8bq', 'z5jbjx59', '6g7eeyjd']
82	['d0cd89hs', 'isk5cu0k', 'btao9cun', 'w04z2f0q', '70s04wty']
83	['q48rqmw5', 'nc60nlq7', 'qgzc1moh', 'solieify', 'xk6rp4e7']
84	['ca3h96bx', 'o8lasxcb', 'uyzalds2', 'e7uvbra5', 'qxxn1zf9']
85	['hpbcwiwf', 'vw3cuiof', '3qgwoblb', '6vqf2n5j', 't90pvtad']
86	['t0iw2vod', 'y43prnko', 'opjfy3xr', 'wq92nfnd', 'umvrwgaw']
87	['hlulg3wf', 'jzm6nc41', '24ie3mhq', 'twlupt3x', 'xmgi40hg']
88	['1ef8ac5c', 'wjktna81', 'pn516wom', '9kk8pevp', 'lgflny84']
89	['0ojzssli', 'c0i45oix', '8ljnxihr', '4qgfjczw', 'wmpjfc02']
90	['lpbb4rga', 'hdjlnot1', 'mhj9o5z5', 'npe81wc8', '40fvjskj']
91	['2zbm4iwn', '60sbhzfs', '5zzlhyga', '8vnsrvws', 'ngpl6xs1']
92	['vg96f35h', 't22hwoeb', '35yl70z8', 'lvvw1npq', '34j9n40u']
93	['xpwv8xlv', '0vlh67jw', 'upiu3e2d', 'cnmawglq', 'iylmvmv3']
94	['8gl323hs', '0oq0xmzr', 'tx2dwo04', 'tl1o1wr9', 'mo23hpe1']
95	['aakzdkcj', '9wnkmn27', '1l4o9pko', 'd21lvneh', 'l97yi8l9']
96	['ukdylwb7', 'bv7hvc1e', '0oq0xmzr', 'gof2of9o', 'nhkd88yv']
97	['8bihly91', 'b1w9ns78', 'd8x3b9a3', 'vi1jl4po', 'xp2qkk52']
98	['dbxufi3m', 'jfj7vrz7', '9mvk86q6', 'h7zamgdf', '74dw6emg']
99	['jgq968f6', 'e0pbs354', 'olhgu24h', 'atloc9th', 'c59vfq1o']
100	['pb25lrnw', 'ooy5nf1d', 'g4hlvnmq', '3ncm8iwb', 'g6i3x433']
101	['u95kg3m0', '4img2we6', '43ocdbp5', 'nles7ymd', 'c8od88jh']
102	['aj885nl0', 'z92xqedn', '2w6p6jji', '8flh54lv', 'hkk23tqt']
103	['6y6e5qgj', 'a3i3t6od', 'awfgfmx1', 'xre1l41y', 'djev6er7']
104	['0hbyplqq', 'atwx0a2s', 'ike8mgh6', 'tra5ewc5', 'l4y7v729']
105	['7qpwux9w', 'wi1slkpf', 'xnrp2tpd', 'r6k0x9ei', '5hei9fac']
106	['q2i328sz', 'gw9hkw00', 'tij7lakb', 'o47v5vgw', 'ckswlo9o']
107	['suw0h7s3', 'ea2c1l2q', 'isk5cu0k', 'zpv5f8pr', '3kjckx8o']
108	['knbngla3', 'jkm496ip', '0vlh67jw', 'oo6ba081', 'vvmb92wo']
109	['hgqohdct', 'iwc72ymq', 'gi3vfi68', '296ilxyg', 'khji80nm']
110	['lnnsxwk2', 'yj3yisum', 'dnxhtbxn', 'tl16qf33', 'x1uc10m5']
111	['k2qertx2', 'o86wki37', 'rlhayt20', 'ecro0w9n', 'l3cisx2n']
112	['9bhi3rqu', '7fua7kgs', '9getsuci', 'v8ujnrbi', 'di45k0dp']
113	['72f64kpf', '1t1sykok', 'ylvgmdwh', 'vkxf3gha', '6rpm4phy']
114	['t023li1a', 'sz072p5o', 'kfsuiz5t', 'pofysmv8', 'l07q84ni']
115	['tmonjdrp', 'qtzhfnr6', 'jjgfgqwg', '38paoyuc', 'uyzalds2']
116	['rc5d6wi3', 'o3cr0xvm', '1992wisb', '6mzqk12f', 'yt68npjn']
117	['4cqf9v2v', 'n3xm6c0y', '58r5wcwd', '9getsuci', 'boew323c']
118	['opckeugf', 'lpoxaetv', 'jgs4jszx', 'sok0cyd3', 'pscw933i']
119	['iha9gjt4', 'urv9o2f1', '6r1hy34r', 'iavvan2c', '3jn7tdaj']
120	['q17jutw0', '3unp46lw', 'an1wfsvk', 'tvfe29no', 'tb538rkv']
121	['k3mz6lf1', '1xvj7xq7', 'zbkx78mm', 'evuixig8', '3g8asqkb']
122	['913sln1q', 'tki4l0gb', 'lf9i6x2i', 'gat4jwsu', 'lz8b60ew']
123	['8cvjsisw', 'dyxfsojh', 'rcdoewwv', 'l375v2my', '8zufbeuz']
124	['s9b631ee', '8v9chk6j', '3ubithu4', 'eknllnci', 'eje3i558']
125	['o8gdpf0i', 'k2f667sc', '5o9bbspc', 'tdlcb9bf', 'ujy4i5uu']
126	['gw6qnwe3', 'arcz8ku9', 'xyyhup28', 'cieh5gyp', 'rytalfyx']
127	['k6cumncp', 'sz072p5o', 'a0dvzhc8', '1fx7x8af', 'bturl9cx']
128	['qj1v04cf', '4z8i83p4', 'b4mjo92p', 'dobxp4uy', 'm79zl7ka']
129	['4ylmj9ub', 'j3avpu1y', 'q92unteg', 'o47v5vgw', '0nhgxoim']
130	['aaznc5qi', 'rdmmnnjd', 'p3cxk8gd', 'tgqcnfa0', 'tlfvjcy2']
131	['qv6oxjwd', '8w43qkqu', '7klqhnr2', '5txhcr7h', 'm5siraig']
132	['1otgdo19', '9h74xlvv', 'hngra91q', 'cb3u1s7s', 'glpca9u0']
133	['93amoypt', '48frs5mc', 'kt615lm4', '57w1iir4', 'ntxufeg5']
134	['i0wbfhu0', '2jdlavwj', '376x58k1', 'f5twvg9g', 'hfaiddki']
135	['t90pvtad', 'xi90m4jk', 'gv7mej7b', 'zf8qg1q3', 'wslsqytj']
136	['hfbi7sk5', 'r440fw19', '828s0mtz', '42i1i6br', '7xnh53x0']
137	['oyr4klqk', 'uohbxoeb', 'bzeqs5oh', 'm69ceq2t', 'te0v91nr']
138	['wk3fh9ke', 'uv0wnj4z', '3v8lijcn', 'vprj63y2', '0iy8clcm']
139	['7krl4xlg', 'dqbvnr0y', 'wpuf4ofo', 'jn2omyez', 'ywi0a8s1']
140	['z4cq9klm', 'zpv5f8pr', 'bhleyzhc', '4zcjjoc7', '6g34qwer']
141	['7as9f1n6', 'gttuxtw6', 'yj3yisum', 'zvngy7zz', 'spo1lzyo']
142	['rmyy6fni', 'a4fj3c5e', 'nfem3htm', '5gldyo2d', 'byh09alo']
143	['spohl5ey', 'mqzus147', 'j4pgpxoe', '6yio5mjl', '43joavrl']
144	['tra5ewc5', 'd06npvro', 'i1yf8fgk', '9wn91fj2', 'ii3di3dz']
145	['vu1f1hp6', 'b9vm3x3w', 'krg8jvfz', 'q58dzxwc', 'klmhhvtc']
146	['wubcq0xx', '9wnkmn27', '8xrccucr', 'g4hlvnmq', 'oi8epg9m']
147	['nz976qc6', '186wyg7t', 'r7aqsyfl', '2l883zhe', '407va85q']
148	['xii14gan', 'n86w4vkx', 'jqueo6zg', 'p42w7vjf', 'odlf9z1w']
149	['9169o29b', 'jgq968f6', 'llcit7x2', '4jjhc5zo', 'y7s6qt6j']
150	['q5f98qzk', 'p6k449j5', '5zeqfohd', 'g2wpw330', 'ik4wen7l']
151	['59u9ezr2', 'ho5n7n90', '0phf73r6', '1zbsbcdd', '4a7fzrxg']
152	['5zt4qx4q', 'h13p6ogs', 'xlscrlc9', 's0374olh', '0ho4f5wg']
153	['56rn6d6o', '9169o29b', 'g17lp8ch', 'jgq968f6', 'e0pbs354']
154	['ip9geldg', '61snvddh', 'fw211spn', 'uwc67iw1', '91nj68tn']
155	['dcfqvp4p', 'wqicq5ry', 'n2kn7o67', 'qnuphz59', 'zerjg1ko']
156	['hfbi7sk5', '42i1i6br', '828s0mtz', 'r440fw19', '5sfojk7y']
157	['xnrb0byz', '8o2xddof', 'belhjr5e', 'mo23hpe1', '2l883zhe']
158	['hqapg5ow', 'd06npvro', 'fj6l76hq', 'fd4aag2t', '8ko7mmu3']
159	['zcnr1e2f', '64ugdvfe', '6ukt0gbn', 'pibg1iw7', 'zcxxk9hd']
160	['jz6o9gnb', 'lm73oj21', 'sywxrxmf', 'nxu1xoax', '2l883zhe']
161	['2q6qmex3', 'h4kc04w0', 'ezrarusj', 'nj94rv6f', '963hkkiy']
162	['cnmawglq', 'xpwv8xlv', 'ic2h01gm', 'kiq6xb6k', 't5wzsjxc']
163	['7ws48kn8', 'ti8hnjgc', '6mzqk12f', 't6vojtu8', '4cy3er3y']
164	['6ntvbee3', 'qt3kk30m', 'ojr558x6', 'wl2iuup5', '4zxfghz3']
165	['eauby68p', 'b1g23kz1', 'ijp87jav', 'eeev3k9x', '1a7ugd24']
166	['uxz185vr', 'b0545v23', '25aj8rj5', '9fsk7ftz', 'urj0nssb']
167	['2bupc5jh', 'lhbk4902', 'dxrltm25', 'xpwv8xlv', 'upiu3e2d']
168	['wzz5ioek', 'qa2pgjvj', 'terj0odi', 'nc60nlq7', '57w1iir4']
169	['ny7wkswf', 'uxz185vr', 'klh90lvp', '80cbwj3o', 'jdob76wp']
170	['4img2we6', '43ocdbp5', 'mup5hr7e', '7aaiyppx', 'qexarxjl']
171	['0ojzssli', 'jisznsr3', 'zoipx650', '4cy3er3y', 'pzqmg22v']
172	['9pb2eqoa', 'xtraspw2', '2e02uktc', 'u8mu4yga', 'ike8mgh6']
173	['59u9ezr2', 'yj3yisum', '3kng7qea', '7xb7hj9u', 'li8kvzdh']
174	['ge8o93rh', 'po32j519', 'soz9p0yd', '6j45mmjh', 'xq525smx']
175	['gzk9xbzk', '21lbbcxy', 'wr9ko6l5', 'am2rrgrb', 'isivkz8b']
176	['wxor6kg3', 'g05z8cux', 'f0wzxv39', 'drb8ipix', '3f0pgo4z']
177	['x1uc10m5', 'yhap30qx', 'xcsl2evz', 'tl16qf33', 'lnnsxwk2']
178	['yr27lnq8', 'iz74o9de', 'fcdwitxy', 'c0i45oix', '2u5zxc2i']
179	['tuqmar6w', 'g5h4tazp', 'v29jmh6s', 'o6kj5b97', 'toy8i1lm']
180	['25aj8rj5', 'n2wqalcu', 'rxx0w56j', '122yi9np', 'h82s5xst']
181	['k2f667sc', '8xrccucr', 'b70zywkw', 'flqdf8vd', '2iupb6gj']
182	['y0qrxya9', 'k80bu4fs', 'eje3i558', '97vw83zu', 'bbs7zocu']
183	['di7hfghi', '0nhgxoim', '8cd5z4di', '61snvddh', 'jlnopr1j']
184	['79xnx9gr', 'ju87prqm', '9fsk7ftz', '2uwnamao', 'ujq9mxk7']
185	['hert77y1', '2v6zigt8', 'nxu1xoax', '14alhxc3', '9briyvuq']
186	['8t5r7ts4', 'nj94rv6f', 'x5k4sk9s', '08xv22bc', '84sgz59h']
187	['5tpkcd5z', '7rujn0d3', 'h0spcvjl', '8fkzc445', 'eauby68p']
188	['ba9uog5m', '2ehuuvnx', 'bturl9cx', 'sazglyaz', 'o6i5ca7h']
189	['rpa2v44v', 'wzyj4y30', '4bvxj7u3', 'z3o3ib2f', 'edr7hrhp']
190	['ny7wkswf', 'uxz185vr', 'rtus1qyw', 'dsz66r4u', '3m39g1xv']
191	['hqapg5ow', 'd06npvro', 'dhd9e9bn', 'g17lp8ch', 'z86g8dzs']
192	['gcsew8u3', 'il4wa97x', 'y2739974', '8pemlz7a', 'v0y734lu']
193	['l9u3c1dg', 'iur7s6vz', 'td3drkgw', 'vzloj6b3', 'rwh56zhg']
194	['5gshj480', '3jv5djco', 'v857wnfh', '1itor6ic', 'azl5dj74']
195	['z3ktkgyp', 'ewb09f5h', 'ylojjfri', 'h35we3mn', '64sdgroi']
196	['0ml57rhr', 'efm6zj9r', 'q5veu992', '1y79i676', '10l6kx3e']
197	['cbhlzemx', 's0374olh', 'vblfew3o', 'sy8sloqo', '8lqb9le5']
198	['sgo76prc', 'b5eve7re', 'td8uwcas', '3w5ouagx', '7b570emm']
199	['4haf8aaw', '944pn0k9', 'hhswage4', '32v44sw9', 'ch7nna59']
200	['3qefts96', 'ka2kyqmk', 'oo6ba081', 'suw0h7s3', 'l6bnxi40']
201	['3kjckx8o', 'rfbihylo', 'b3m11ppy', 'fuvyeq3k', 'usi65ft4']
202	['amw2c96l', 'r7aqsyfl', 'qa1tbu6t', 'rcb943w2', '8drlvdkp']
203	['mena480g', 'tv1a1hwj', '25aj8rj5', 'jwei2g97', 'wg18wior']
204	['t3dzso36', 'rb20ge7e', 'hz5vigp0', '5jlohhmv', 'q4zuslmp']
205	['bh8zshy9', 'psaq958v', '0aqww7cz', 'ruewzstg', 'pdd5wepz']
206	['2f7wqamp', '2rx84imv', '9v6f2274', 'cv5jhuc8', 'fvooetuj']
207	['qu7ddcw9', '2uwnamao', 'ewb09f5h', 'c18arb6s', 'xegy9krj']
208	['bfmcqcq1', 'o2824pp6', 'aqutzlx4', 'o68mentl', '5l6c0it4']
209	['utak6i4e', 'vmizkujc', 'g4hlvnmq', '81rxs247', 'xjc0l0tv']
210	['rr0v0ju1', 'evf9nz05', '00xuw5j9', '5o5go248', 'o6qw5u3q']
211	['go0tueah', 'mo4luyx6', '9rhydy8u', 'dlpgq0rm', 'lsrpk3wc']
212	['wigakw9h', 'cn0hqvsz', 'eu1dgkw2', 'ql9cfh1j', 'vrujbyet']
213	['tgqcnfa0', 'rdmmnnjd', 'jm4dmnxz', 'tlfvjcy2', '6eivv0d9']
214	['37gpov43', '43eh69dx', 'irgnrr0j', 'dqbvnr0y', '97msfh4l']
215	['rtus1qyw', '0g3pro4v', '2iupb6gj', 'mxfrfyeg', 'i8jv5iqo']
216	['6pruwy09', '4ifng0a6', 'v7szuzfa', 'ziaiufzs', 'zpv5f8pr']
217	['svsib7yj', 'qw2ct68h', '4zxfghz3', '21qgukm1', '0klbjvrj']
218	['7fociv5v', '8wnnao8o', '20lcihf4', '00ugdhvf', 'v0zxdkla']
219	['4yi9iup2', '7wz030vg', 'duqgd4gs', 'vegaicq8', 'yjsxen4d']
220	['1xycng32', '8of3u2sc', 'df65w0lx', 'veeavho5', '9452kqc0']
221	['g17lp8ch', 'x51jorbm', 'hqapg5ow', '9169o29b', '56rn6d6o']
222	['toj6eqs2', 'ex3s7ytv', 'fnojlsnj', 'idtt3frp', 'a7nj8sgl']
223	['5a5a8ifz', 'u5rbvc3i', 'obhm5mc5', 'uarsobci', 'ratbgibg']
224	['8anqfkmo', 'l6kcpnbj', '5hei9fac', 'q5wiqpcb', 'vkf5njfz']
225	['wdfzrzkt', 'foy3dsq4', '3urmf3ie', '0iqdqcp6', '9btdjktj']
226	['qlwergum', '8aosx41e', '7fua7kgs', 'ssmw2jef', '9bhi3rqu']
227	['y12veqre', '36flecmg', 'pzqmg22v', 'p0jht22m', 'zoipx650']
228	['uxz185vr', 'ny7wkswf', 'vgffg4c1', 'oz047qmf', 'la2wvnb0']
229	['fkbup9qh', '7dk2r22z', 'wpuujmjx', 'c8rgn7e9', 'idlk9itu']
230	['aakzdkcj', 'sygm6irl', '1l4o9pko', 'iu5ndsxn', 'nxu1xoax']
231	['fj6l76hq', '8ko7mmu3', 'ropgq7tr', '1vcc1khg', 'dxrltm25']
232	['egn81atf', 'awfgfmx1', 'faue5ywu', 'djev6er7', 'lv5s1bko']
233	['vvuaegse', '9wn91fj2', 'mc77aqbq', 'deas7kr0', 'io8mozoe']
234	['us518bwp', 'eje3i558', 'srfypn7j', 'bpnqz1cn', 'tb538rkv']
235	['u4doukk7', '3p8rdaoj', 'h4kc04w0', 'ucea0r2u', 'wu2dyleo']
236	['5i0m18nt', 'ler0t9o0', '8dbjycgt', 'n2ih64pz', '0klbjvrj']
237	['eeev3k9x', 'e0a1t2ig', 'bsiwkixj', 'k2zrdjyo', 'oy46vntr']
238	['8ko7mmu3', '1vcc1khg', 'mja2qlpk', 'ropgq7tr', 'x9sfgtim']
239	['lz8b60ew', 'jc5ik84m', 'geo7ac5i', '4dyuper0', 'opw9cmbe']
240	['2xzntu5c', '1vmicejr', '8pislcjr', 'lj74054o', 'di7hfghi']
241	['6sgeraws', '4ttda53p', 'rog2h4g7', 'x21g6i3g', '40vsmpfv']
242	['607lsqlg', 'ic2h01gm', '2rx84imv', 'mnjy6bq2', 'xpwv8xlv']
243	['zj0yxy2z', '0r12f0h3', 'vbhijlmn', 'ox60yrvu', '4a7fzrxg']
244	['xokujzbl', 'mzekhyu0', '97msfh4l', '93y40vnp', '06fwhyac']
245	['x9veckdi', '8mwogx9u', 'n0uy6hd2', '84sgz59h', '357sbvyt']
246	['6rpm4phy', 's9lkvzpo', '9f7k0q1h', 'lxq991af', 'ueh60bz2']
247	['ef3warsh', 'jgq968f6', '5q8k71et', 'ximw03ej', 'am2rrgrb']
248	['ivy95jpw', 'llv66c9p', '376x58k1', 'sywxrxmf', '1l4o9pko']
249	['oi8epg9m', 'o1xsjx2p', 'in69fhw9', '6ir39t8h', 'vj2z52vg']
250	['zp3efdn7', '8uomx7hu', 'tlfvjcy2', '8nil3u2k', 'est5jx7g']
251	['mxg2q1vd', '4jri92pu', 'q23a5txz', 'tlr243il', 'khdbmv9r']
252	['kiq6xb6k', 'osct0lj6', 'bakwk4tm', 'a66sszp2', 'fbcu88lv']
253	['1gbq9j88', 'ck338ifc', 'hm1n8wz2', '5q8k71et', 'bsypo08l']
254	['fpexa30s', 'fo815n5l', '1peg3502', '86auifl6', 'wt471v5k']
255	['foy3dsq4', 'wdfzrzkt', '3urmf3ie', '0iqdqcp6', '9btdjktj']
256	['3e2soc6w', 'd1p8zo23', 'suqkidrm', 't1ughb9b', '500ypv61']
257	['edvyp1fs', 'wun5rwsk', 'kt1az1pf', '19i9lknr', 'cpeizrdb']
258	['95e1kuux', 'jrgeasqy', 'l2i3aa3k', '726t123x', '4p6fcy8f']
259	['n1q1wr9s', '69wuny3p', '3lfmmfp2', '9bhi3rqu', '9ei6ubx6']
260	['v1ei9im8', 'glpca9u0', 'ti8hnjgc', 'mz1bof2x', '5t72hl4l']
261	['frx9hfxg', 'lf6fprh0', 'g4i4hkhz', '30r8zd0l', '2kt35rqn']
262	['7aaiyppx', 'mup5hr7e', '43ocdbp5', '4img2we6', '8vk15klh']
263	['j46bet38', '104lecie', 'eapwqsrc', 'dhd9e9bn', 'xtnyad3j']
264	['me08w1ir', 'td8uwcas', '54fmvcl5', 'glpca9u0', '82hqy612']
265	['w7wdq05u', '0nhgxoim', '3e2soc6w', 'kd7s0mqd', '105ezycx']
266	['1gbq9j88', 'ike8mgh6', 'qt5qv3zx', 'pxpo8jni', 'ahpkmffy']
267	['f2ypnls4', 'xeb14weg', 'cjfn4dna', '4socpj73', 'lnls2mhg']
268	['lm73oj21', 'b7w2n36j', 'vrjibtfi', '8o2xddof', 'ovel2jln']
269	['acfa95vw', 'isniqv6b', 'efm6zj9r', 'unql24hw', 'toj6eqs2']
270	['1l4o9pko', 'iu5ndsxn', 'cqi3r0xz', '9o0bukyq', 'khdbmv9r']
271	['ef3warsh', '8ko7mmu3', '1vcc1khg', 'y43prnko', 'iylmvmv3']
272	['5tdmh0ac', '2aoyzj2b', '2yrgy2y2', 'coh92gm3', 'y98bleop']
273	['1wui9gwa', 'k1uvqaaa', 'z4s7u17l', 'ulfz0b15', '6mzqk12f']
274	['30pl5tx3', '0imnd2q5', 'm2z6k2va', '5yscqct1', 'qi1henyy']
275	['m79zl7ka', 'xqpsdc8u', '5x6xjuew', 'aoi4iqkf', 'i0swl50w']
276	['nxu1xoax', 'hert77y1', '1l4o9pko', 'aakzdkcj', 'onlly1ga']
277	['o1xkgkn1', '3m9yonqe', '1ov3eydq', '675v58x8', '1l4o9pko']
278	['u0jddsup', 'te0v91nr', '8ljnxihr', 'bzeqs5oh', '0bh8i14e']
279	['7a7oi5dt', 'yt2fp8zl', 'iu5ndsxn', 's3o9v1fl', '8ruux4sw']
280	['gruir7aw', '9f5i6crg', 'dfl69g4f', 'f1utp08a', 'po6cqv4m']
281	['pb25lrnw', '855atuue', 'in69fhw9', 'ouk4adod', 'g4i4hkhz']
282	['tlr243il', '9a27s0zn', 'oeudi6lr', 'xcs9podj', 'ra28885e']
283	['ozbmgd70', 'vxf2jexb', 'bti9aw8g', 'uejtwgar', '8wpfjxci']
284	['u2kjft6q', 'ko42qlzr', 'b0wy5zz4', 'd1p8zo23', '500ypv61']
285	['c00jgkpg', 'q57e1v6t', 'u7tqolyi', 'y88khz62', 'kap7r6de']
286	['6274gicp', '6ajmuuld', '7iuls8x1', 'hapw6lv9', 'psaq958v']
287	['nbqukjzv', 'dx53hxej', 'vnijpl9l', 'gtp5daep', 'wzp7hpgc']
288	['mkgszhkk', 'o6dd2vu1', 'cg6v3yma', '9gn4jcu9', 'v49l6txn']
289	['lty6oq3d', '5gshj480', 'bv7hvc1e', 'qgwu9fsk', 'fien6nra']
290	['t1vom8f3', '3jnhboif', '8zm7n7j9', 'p0jht22m', 'hvp47bm2']
291	['hcfoj5l1', '3rxis57m', 'tc6btsdu', 'isivkz8b', 'nj1p4ehx']
292	['pw51kd1r', 'y2ezdqhr', '8d6vcqr3', '2damkjcs', 'h7f3bkc2']
293	['f3mvdpq1', 'sgo76prc', 'ngpl6xs1', 'ga1fks7l', '52jtd51o']
294	['ziaiufzs', '5g02ykhi', 'wb601nx8', 'toy8i1lm', '9bhi3rqu']
295	['a40yhtqk', 'uohbxoeb', 'kc6dls2z', '675v58x8', '0bh8i14e']
296	['z1jr2urk', 'cp6xu2ox', 'xchvlphf', '3o5c0l24', 'tuqmar6w']
297	['yfoqy2id', 'fw211spn', '55vu6b3u', '3xzgv370', 'dpt7sh4h']
298	['hn6clwoj', 'uohbxoeb', 'a40yhtqk', '675v58x8', 'zbi0llig']
299	['igm2qr4p', 'po32j519', 'lvvw1npq', 'zpv5f8pr', 'b68c8qwm']
300	['mnjy6bq2', '2rx84imv', '2f7wqamp', '607lsqlg', 'knbngla3']
301	['y43prnko', 'dhd9e9bn', 'q2i328sz', 'mkgszhkk', '78wu4kgv']
302	['n5ogyxz7', 'hqkrer9m', 'pzqmg22v', '0ojzssli', 'zoipx650']
303	['gunn55f9', 'svgguadm', 'a66sszp2', 'frxriw9v', 'a7nj8sgl']
304	['xegy9krj', 'la2wvnb0', 'y9fqa20z', 'me08w1ir', 'np1y2fkt']
305	['jveh2w09', 'pm9cl9ps', 'lgflny84', '5y6gjl2t', 'w3u3vmd6']
306	['qpzg8lam', 'lzwgyzdp', 'nzat41wu', 'x9zg7ulr', 'yj3yisum']
307	['te5qq8nd', 'jk5tczo0', 'rwevmwcr', '9g547s2n', '68x50rni']
308	['dyxyab5g', '76aij6sx', '8wzqgell', 'cpfnva0v', 'hbyxy4ln']
309	['ucysxk5c', '0ojzssli', '9n7a9g78', 'hqkrer9m', 'pzqmg22v']
310	['jisznsr3', 'jmf97swr', 'bzeqs5oh', '0igh53pl', 's1r8guqm']
311	['iu5ndsxn', 'ay7gv9lv', 'jaamms1g', 'p1w0p6b3', '4cy3er3y']
312	['mwj0xc3q', '8hkxbxz9', 'sdtr6yla', '34eot3zh', 'k0eheo71']
313	['me08w1ir', 'glpca9u0', '3w5ouagx', '52jtd51o', 'sgo76prc']
314	['si5mxgrk', 'ez1l3m4o', 'xdbtwiqw', 'b8c309hj', '2aslzgdk']
315	['5nue46dm', 'o9xdv4x0', '0j4ind0z', 't4y1ylb3', 'tpic8ddl']
316	['s9lkvzpo', 'pta8enbu', '08d9t9ex', '3rxis57m', 'hcfoj5l1']
317	['eztw9tx6', 'p1ayih2z', 'uwc67iw1', 'iatmjkzk', '1n0qw2a5']
318	['xchvlphf', '4mat0psy', '7xb7hj9u', 't4y1ylb3', 'lxqsc60e']
319	['vzdu9jwn', '3km6yfr6', '4p6fcy8f', '79m3sdfe', 'f0wpsaip']
320	['tf5a48i2', 'spohl5ey', '5nyc1cn5', 'pmd78j61', 'ddwrvlc9']
321	['bdb9g77g', '7a7oi5dt', 'xre1l41y', '30r8zd0l', 'ga5z3via']
322	['fqk8rmiy', 'pbhvq1nh', 'j884ppwq', 'u999bx7a', 'yvbmbnjw']
323	['4vkkaqhz', 'ftq6ed38', '5nr3j1ew', '6crputzl', 'eflyypev']
324	['j7ltjn4k', 'eo89w6qp', '5kz2s7ag', 'ppuki7qn', 'n1q1wr9s']
325	['umttnp1g', 'x5k4sk9s', '7lli72ph', '95wclabe', 'k36rymkv']
326	['dsfbmhbj', 'fbcu88lv', 'lzsbte0j', '54o2p36a', '6vqf2n5j']
327	['jaamms1g', 'qw2ct68h', '5av8aqb4', 'ofbnzo6n', 'vxf2jexb']
328	['nsflghc5', 'ylqpkosd', 'ifovibzi', 'vgmzb03s', 'hpj8gb4o']
329	['ihq8gdwj', 'icgsbelo', 'd4eae8g3', '91nj68tn', 'npe81wc8']
330	['3iz0ozpx', '3p2cuxk0', 'urazxa6x', 'uk6whrhz', 'kxdfnykd']
331	['10dkpj5h', '3xvphg52', 'gkf3wez8', 'yhyeywvc', '5sfojk7y']
332	['675v58x8', 'p3ytwqeg', 'bzeqs5oh', 'hn6clwoj', '0bh8i14e']
333	['hqod7v2l', 'y98m15aq', '3s3tzfnn', '3qefts96', '1tmqe3xf']
334	['c6p7hgh4', 'tn8houmc', 'j4p46aiv', '9sh9mk6p', 'u2kjft6q']
335	['iuy5a0bk', '0d83u4ve', '27thc6m4', '9h74xlvv', 'po32j519']
336	['g17lp8ch', '4gj9d181', 'kiq6xb6k', 'ra2njvcz', 'p3dex2to']
337	['ax3e82js', '0r580il2', 'r76tqrwz', 'cy0wy98u', 'hwczi82m']
338	['u1s6ciy4', 'hitaptnp', 'plwoof39', 's4xintwp', 'vbhijlmn']
339	['5z0xwlxp', 'w0ebmg16', 'eay6qfhz', '8ko7mmu3', 'u8mu4yga']
340	['doi8buyw', '5ckds66x', 't019zx7q', 'lh82rl24', 'rnq3k34m']
341	['9169o29b', 'jgq968f6', 'e0pbs354', '56rn6d6o', '2r0a357c']
342	['djev6er7', 'ksf2tpdw', 'f60z8jo2', 'lv5s1bko', 'awfgfmx1']
343	['1uabldiq', '6274gicp', 'rcb943w2', 'dkfohub3', 'nvtoxzka']
344	['w3jyovd2', 'vkbsxz7r', 'd60chk12', 't3wjpagu', 'kajker7i']
345	['z6sjfdb9', '18b6ikq3', '9169o29b', 'po32j519', 'rc5d6wi3']
346	['mrsya6wz', '4ttda53p', '7mcfehzc', 'erdcvj30', '9ige2pwd']
347	['8ljnxihr', 'ii3di3dz', 'gh6bizzh', 'jpenhh92', 'fo4ax1od']
348	['ngywgodg', '0iqdqcp6', 'r7kvv48s', 'vge26qe9', 'drb8ipix']
349	['edz3up3a', 'nj1p4ehx', '24u6q3ae', 'znswomwk', 'imheos0p']
350	['8ko7mmu3', 'dfl69g4f', 'xpwv8xlv', 'nvtoxzka', '0clp6zt6']
351	['h1mo3bs8', '89ic6lmt', 'roi3lta6', 'k36rymkv', 'e7ntocgf']
352	['ivxvry3u', 'nz976qc6', 'iu5ndsxn', 'iali360u', 'onlly1ga']
353	['sm0112e3', 'u31ixcwa', 'z22g03v4', 'fcjpfx3v', 'ii3di3dz']
354	['ximw03ej', 'u8mu4yga', 'ef3warsh', 'w1bx4a7v', 'd06npvro']
355	['uzc6r1jr', 'lnnsxwk2', 'tl16qf33', 'ccxnsmia', '6o1h9uyl']
356	['u20e82de', '4yp4beuh', 'ruwmeau5', 'zkdk2v5e', 'gkf3wez8']
357	['xuiswu2l', '8anqfkmo', 'wxhbwcfr', 'a7nj8sgl', 'l6kcpnbj']
358	['amw2c96l', 'jkm496ip', 'hmkqnply', 'u8ptvem7', '104lecie']
359	['cfbj6ize', 'u1s6ciy4', 'a40yhtqk', '0oq0xmzr', '6ukt0gbn']
360	['b5eve7re', 'y04dub8o', 'lq1qndxg', '35nshnn2', 'r5v2gi3v']
361	['u6a65x9h', 'rlr17nah', 'vm1o1cel', 'bnzb1yon', '7tp8z7n8']
362	['pq6c0zia', 'y3c478hf', 'qxy2p79x', 't1vom8f3', 'ooagjxp1']
363	['089b1z4b', 'zr4pw0e7', 'g0cgjlok', 'n2ih64pz', 'zsygn29p']
364	['doi8buyw', '0oxo2awm', 'jisznsr3', 'jpenhh92', 'ii3di3dz']
365	['ck338ifc', 'td8uwcas', 'lbkjxws4', 't7a9edv3', 'wpuf4ofo']
366	['g1zce6p9', '122yi9np', 'tbio295u', 'i0swl50w', 'oxtvcoi9']
367	['iy8pp5ey', '30r8zd0l', 'uu7s0bcf', 'i6qoo03c', 'ogchq8gz']
368	['x44oc1k6', 'oeudi6lr', 'tx2krngu', 'btao9cun', 'tlr243il']
369	['uohbxoeb', 'te0v91nr', 'zdfx3zo3', 'bzeqs5oh', 'jtgpzrf9']
370	['twlupt3x', 'br0hhzmn', '77bq8tdy', 'cn1yfjwp', 'sy8sloqo']
371	['q92unteg', 'o47v5vgw', 'o877uul1', 'pwvcwlh8', 'vu8ao4pt']
372	['in69fhw9', '73b58lcm', 'b0545v23', '9th61iva', 'y1ob8tcq']
373	['dq3qunwe', 'ptd57hee', 'ai60maqz', 'eay6qfhz', '2bupc5jh']
374	['tjhz8bdb', 'uexahhdr', 'yx3j6373', '62xdiz68', 'gruir7aw']
375	['8rgpr2lo', 'p8ckcvyj', 'td8uwcas', 'rc6cza9r', 'v9fz02es']
376	['76aij6sx', 'sdg65ple', 'qp3cjql9', 'riltam7g', '7wz030vg']
377	['v10454ns', 'td3drkgw', 'ayglihws', 'qmo1zzkg', '059xokj1']
378	['k8vjv3zy', 'auy3c2e0', 'z6sjfdb9', 'dq6iyabh', 'fbcu88lv']
379	['ne7e12nj', 'wh3k3u28', '6ys3uogb', 'iez1j9jn', 'nvphu1fm']
380	['6sgeraws', '3l6ipiwk', '7tp8z7n8', 'faec051u', '72jwlfqr']
381	['s6sp3rme', 'xvqemhnq', 'r5fdn7uz', '69ly7gp4', '0njeeoc3']
382	['qe8mxow7', 'oyplh9cn', 'ajlpb9li', 'nli8ccyv', '10l6kx3e']
383	['b31ctbat', '38d6gb7o', '8ruux4sw', 'eje3i558', 's7sq53zy']
384	['atwx0a2s', '3ttyxjgi', '6k0nhmg9', 'db8fl9d2', 'r6k0x9ei']
385	['06fhiu9q', 'iucrorzh', 'xzesrmxq', '3l3zs90e', 'ldqy66uh']
386	['vw8a1994', 'kxx3szjq', 'glyoiu93', 'zouscolw', '8pislcjr']
387	['q41elfwt', '302hphhx', 'mt8h4rk5', 'o45sziw1', 'w5rk8luy']
388	['s96beqsh', 'gtol0evh', '3jn7tdaj', 'ey0r1py7', '1m1hi735']
389	['53t1mhnb', 'hakbt2zp', '1a1zb9p5', 'nt1e70dv', '2j11uxmx']
390	['wjktna81', 'pn516wom', 'wtqwghon', '6hkqe14l', 's1h3p5s9']
391	['l72grjbg', '05vmhjjp', '726t123x', 'jswlq6wp', 'rckwiqgb']
392	['35meen0h', '93b2ivio', 'reigmh19', 'o29hjkca', 'nqahx56j']
393	['ql9cfh1j', '0g3pro4v', 'cn0hqvsz', 'w5rk8luy', 'r4cg50x1']
394	['9iz8papc', 'ktv6fk7q', 'qe8mxow7', 'ho6qjkyr', 'vjubia8r']
395	['5xki1ulf', 'q92unteg', 'o877uul1', 'v857wnfh', 'o47v5vgw']
396	['sts48u9i', 'iayyox4r', '5y6gjl2t', 'e3dh0huv', '0phf73r6']
397	['xtmn1n0r', '8ko7mmu3', '9qsqj91d', '1vcc1khg', 'fj6l76hq']
398	['t3vuwghp', 'mwj0xc3q', 'hpbcwiwf', '8of3u2sc', '6a8j7hjt']
399	['hb2lieh3', 'y4eyse0y', 'hz5vigp0', 'ud8nmm7w', 'kgmugkmw']
400	['bccrvapy', '7objlrqa', 'tl1o1wr9', '0oq0xmzr', '2lk2vm5r']
401	['wubcq0xx', '8ruux4sw', 'k80bu4fs', 'khrzwlmi', 'n5ogyxz7']
402	['c4m63cr3', 'a3fvifax', 'ee8bzn2l', '122yi9np', '6bwd99d9']
403	['hsimf7wt', 'k457kqlo', '3jfok14h', 'b6lq0aue', 'rc5d6wi3']
404	['jyxrk9bz', 'l9lj98b1', 'bgsbbszf', 't7bonus8', 'vq9m9m94']
405	['vqswp96l', 'prn7t499', 'hhswage4', 'rn8eezep', 'yec87cye']
406	['8ko7mmu3', '5t72hl4l', '0clp6zt6', 'go5tk6ni', '8je46886']
407	['d06npvro', '64ugdvfe', 'f0wpsaip', '9wn91fj2', 'ximw03ej']
408	['fqdv3ohv', 'jer4jwwf', 'mo7oq5t8', 'o45sziw1', '1ma4hp52']
409	['ny7wkswf', 'uxz185vr', 'i8jv5iqo', 'oz047qmf', '3cl3q80m']
410	['wgfdd3lm', '3tfof5nd', '57z0g4mq', 'qdmkx03t', 'a451243b']
411	['5t4twnpm', 'yj3yisum', '4mat0psy', 'icgsbelo', 'iff8cuum']
412	['1w3x0g42', 'mt8h4rk5', '0bk9jmdu', '3x46ynqh', '32v44sw9']
413	['mkgszhkk', 'fj6l76hq', '8je46886', '30pl5tx3', 'ewb09f5h']
414	['tij7lakb', '089b1z4b', '23n5r8qj', '1nqbqmum', 'tq8jpmin']
415	['1ujphwmi', 'mcyeyl4s', '7i4ssxac', 'v1kozp4s', 'r76msx6y']
416	['t0iw2vod', 'ef3warsh', 'usyduiti', '8ko7mmu3', 'w1bx4a7v']
417	['tvzn0112', 'ukca8cqw', 'jtwb17u8', 'iobpcfs5', 'faec051u']
418	['yosjlefy', 'dij3wy6q', 'qfrabyp7', '951nay25', 'lnzt3h1p']
419	['geo7ac5i', 'tlr243il', 'e7gq365q', 'xcs9podj', '9a27s0zn']
420	['jlnopr1j', 'uohbxoeb', '0nhgxoim', 'and9sood', 'n1ht2eb1']
421	['cr2cute3', 'z9vjo98p', 'vszrekp9', '4uqgpb0w', 'osh3deg5']
422	['ef3warsh', '8ko7mmu3', 'y43prnko', 'g17lp8ch', 'iu1d9i57']
423	['lfk6e8hy', '9gw8z8zm', '1smu8yc3', '7iuls8x1', 'pq571myy']
424	['gof2of9o', 'y2739974', 'nhkd88yv', 'h35we3mn', 'f6i46t3h']
425	['myqli11j', 'mt8h4rk5', 'rv26qfmf', 'zz4cczuj', '3e2soc6w']
426	['9a27s0zn', 'oeudi6lr', 'baodjrw2', 'sf073cmj', '21qgukm1']
427	['kp4j9snc', '2mtuw7gb', 'hltkddac', '0o7rm667', 'qjfe2t9v']
428	['yjm6asp5', 'mmr04tsm', '5g02ykhi', 'l8sozg8v', '2yrgy2y2']
429	['9phgag8q', 'f0wzxv39', 'i9wjpbe7', 'mjm2kap6', 'qa1tbu6t']
430	['i1icueuw', 'tl39u0h9', '1hlqov6m', 'g2wpw330', 'amw2c96l']
431	['iu5ndsxn', 'zqzs6vtf', 'onlly1ga', 'tq2vdo88', '1l4o9pko']
432	['khdbmv9r', 'umttnp1g', 'e3dh0huv', 'gr14udp8', '2dvljm27']
433	['s1kxxx1v', 'cutwvq3b', 'bgiyvqgw', 'ayxtpwfg', 'e1mtdo7v']
434	['1daa6fte', '5525dp31', 'i3ahtzdd', 'jqwoxfsc', 'xxlvyp5c']
435	['9qklnvyl', 'gxvaric3', 'du7ba2ky', 'kkskmuw3', 'ekej22k3']
436	['30pl5tx3', 'mja2qlpk', 'eay6qfhz', 'u8mu4yga', 'x9sfgtim']
437	['ximw03ej', '8ko7mmu3', 'gbf8beq4', 't5sgguxr', '7env0mf5']
438	['hiw576og', 'g5sw7t8x', 'gobik7kl', 'cd81i918', 'jo38hjqa']
439	['fk16k9ts', 'xkmy79p9', 'irk1gxeq', 'g914ir8h', 'v0f5vxk0']
440	['bzeqs5oh', 'a40yhtqk', 'oyr4klqk', 'wzyj4y30', 'zdfx3zo3']
441	['uexahhdr', 'nk8m2dxt', 'tl39u0h9', 'wnm89gfo', 't90pvtad']
442	['s2hp3sat', '9169o29b', 'wnlse824', 'y7s6qt6j', 'jgq968f6']
443	['fbsrggog', 'suw0h7s3', '5nue46dm', 'cymppa7g', 'spo1lzyo']
444	['udtoutew', 'w3u3vmd6', 'r07mv2ka', 'eu2vjpw9', '2scp98u0']
445	['fjuehj70', 'entkqcn3', 'qalficgu', 'icnbhg6e', 'd7024aia']
446	['35nshnn2', '5zaw2iot', 'wh3k3u28', 'zctjkag0', 'b5eve7re']
447	['urv9o2f1', 'wehqqbjx', 'oi8epg9m', 'gbgcfa2o', 'hzn3qus3']
448	['6a728le9', 'qbj8n8h6', '5y6gjl2t', 'ghi0ekm5', '3akrube4']
449	['idg7c8wf', 'mrc41hu0', '0ojzssli', 's01g5wxg', 'pzqmg22v']
450	['qa1tbu6t', 'amw2c96l', 'i1icueuw', 'cimmc4y8', 'akbq0ogs']
451	['c9o7kbv5', 'fnojlsnj', 'gbf8beq4', 'vgffg4c1', 'bbs7zocu']
452	['bb6lv6yg', '3bbiyucq', 'eay6qfhz', '1ik8lrid', 'yr69ctrj']
453	['121p2shq', 'pjh2lr22', 'li8kvzdh', '6hl6rtsh', 'c5be70t6']
454	['hnx43l5c', 'awh8y9j8', 'bmrxgkz7', 'a0dvzhc8', 'z6sjfdb9']
455	['5i0m18nt', 'iavvan2c', 'xz7yzr2f', 'l07q84ni', 'w3zic0on']
456	['9kq9o5wp', 'stn5gl2b', 'v8ujnrbi', 'd1p8zo23', 'ko42qlzr']
457	['bv7hvc1e', '0oq0xmzr', 'lty6oq3d', '5aev7ltr', 'llow5xll']
458	['gckr8h1m', '5t72hl4l', 'z6elaxpc', '3qgwoblb', 'rytzyf1j']
459	['d4upbc3v', 'sqxl75qb', 'oeudi6lr', 'mkgszhkk', 'zcvumy78']
460	['b80todl7', 'pvsox183', 'v4c1lgpd', 'gme1zk3n', 'y3jx6fvj']
461	['um51u84w', 'b4161ynv', 'apfimvix', 'f5twvg9g', 'xwu1gdak']
462	['t3b2adct', '9rczqcaz', 'um51u84w', '38paoyuc', 'rzoatp8v']
463	['svi7syld', 'sxi0tpsf', 'td8uwcas', 'znpc5jq2', 'fq9g84wc']
464	['pruyy200', 'eml8uilb', '55lbj72e', 'j5sj9b3d', 'u99omznb']
465	['tij7lakb', '929rrh59', '089b1z4b', '23n5r8qj', 'c6p7hgh4']
466	['ivy95jpw', 'jz6o9gnb', 'nxu1xoax', 'hert77y1', 'myeiu66g']
467	['me08w1ir', 'td8uwcas', '54fmvcl5', 'glpca9u0', '5e5cavkw']
468	['ledopkwj', 'td8uwcas', 'iu5ndsxn', 'me08w1ir', 'l346qqwp']
469	['s1qnjgev', '3bbiyucq', 'j4hnitqx', 's1kxxx1v', 'bgiyvqgw']
470	['roe6g61u', 'ivy95jpw', 'nz976qc6', 't1vom8f3', 'sywxrxmf']
471	['od5nnxvg', 'pc2cnhjd', 'd3pxk5tr', '4p6fcy8f', 'ykxr9q1j']
472	['9169o29b', 's2hp3sat', '5nyc1cn5', 'z807g8i5', 'olhgu24h']
473	['07a30kd9', 'pl6dpxkz', 'wku1sd9k', '0vhy44iq', 'xl3519jo']
474	['wkz2ammt', '86auifl6', '9x1d1kp1', 'h2vct9h5', 'g17lp8ch']
475	['hh7lccet', '122yi9np', '0o7rm667', '1a7ugd24', '79xnx9gr']
476	['57z0g4mq', '2t1zzigc', 'myqli11j', 'vw3cuiof', 'jo0m0w68']
477	['3qefts96', '7xb7hj9u', '6eivv0d9', 'pvw9t7zd', 'lzgwxshi']
478	['b8c309hj', '8twdx4g2', 'lrqt2gcw', 'v4ubd1l6', 'ez1l3m4o']
479	['ajlpb9li', 'xld7ztx5', '3wg6flz0', '6srmai2o', '7i4ssxac']
480	['8cvjsisw', '8ruux4sw', '104lecie', 'h4cu63cm', 'jpenhh92']
481	['n3yuvf8v', 'wslsqytj', '9bhi3rqu', 'ybcr7clp', 'iw3wv973']
482	['k4ubol2x', 'y6ufb4l6', 'ziaiufzs', 'kr4sr1ae', '1t78tt1s']
483	['92tvskxw', 'pm9cl9ps', 'lgflny84', 'ijoyk390', '6x33a6g6']
484	['11xjl53c', 'mldwnz43', '9bhi3rqu', '7a7oi5dt', '7fua7kgs']
485	['kd3as3b9', '4kfbs7j4', '9g0lo2e9', 'hjmjav50', 'z2jtzsl6']
486	['9pn62o4p', 'ledopkwj', 'iy8pp5ey', 'jveh2w09', 'ewf1z1ee']
487	['4a7fzrxg', 'z79x349o', 'rfbihylo', 'td8uwcas', '8twdx4g2']
488	['ngywgodg', '05djnz4p', 'cfkh0ypy', 'bw6a5gmy', '8i1u1a9t']
489	['mo23hpe1', '8o2xddof', 'nz976qc6', 'xnrb0byz', 'bre2ijbb']
490	['1wui9gwa', '1hlqov6m', '30r8zd0l', 'ionhyrbf', 'ruewzstg']
491	['9195zweg', '9k6uqs2q', 'bfmcqcq1', 'n1q1wr9s', '3a5965df']
492	['je585xia', 'dgng39yd', 'be4afbyo', 'zq9ehv7a', 'vdgu6h0a']
493	['yu2qzp18', 's8oq2sj8', 'uzcfqwgb', 'eapwqsrc', 'cd7cfpx3']
494	['isk5cu0k', '122yi9np', 'zpv5f8pr', 'li8kvzdh', '7xb7hj9u']
495	['dkfohub3', 'wubcq0xx', '7d6snq1v', 'uj5deryi', 'hunepli1']
496	['s6b2zp99', '2tax8ajw', 'dzkf7c7l', 'tzp03hmr', 'duddd1u5']
497	['vxavox24', 'j23pvlj9', 'tc1exm56', '6zfpcm4j', '6sgeraws']
498	['yaedocvp', 'faue5ywu', 'b9vm3x3w', 'fh0zym9r', '5ojyly05']
499	['x88qugn9', 'm4hwwhux', '7gqkyq1j', 'd8gx7xbj', 'm2bmp8s8']
500	['n8j1iq8p', '41uuzzpg', 'z9vjo98p', 'iu5ndsxn', 'bns5eb1t']
501	['s6b2zp99', 'h2u5w4a8', 'q1mq5f2t', 'z4cq9klm', '0jl6qu0i']
502	['7wz030vg', '76aij6sx', '9exmyy5a', 'ml8arkpd', 'pbb9nrba']
503	['ii3di3dz', 'zoipx650', 'iz74o9de', 'vj2z52vg', '0ojzssli']
504	['d4eae8g3', '9miesbf1', '8of3u2sc', 'pquv37jl', '42wcyjuk']
505	['0gier0lu', 'x88qugn9', 'pl6dpxkz', 'myeiu66g', '1a5oy6fr']
506	['u8mu4yga', 'w1bx4a7v', 'f96qs295', 'hqapg5ow', '9mn6trtn']
507	['7g7sgabs', 'vsphu6ih', '78t2h7st', '7x9jzge5', 'r1tl2hrk']
508	['1wui9gwa', 'i1icueuw', 'rb20ge7e', '3qefts96', 'ztxfa5b8']
509	['ruewzstg', 'z1l6oyjh', '23n5r8qj', '79xnx9gr', '41uuzzpg']
510	['l6ksaaaj', 'ny7wkswf', 'qxwjpv40', '71x3b75z', 'uxz185vr']
511	['os0sslxc', 'xjc0l0tv', 'm46vdpv6', '8x3lqokw', 'bh8zshy9']
512	['ndn6iwre', 'bzeqs5oh', 'ax3e82js', 'oyr4klqk', 'dij3wy6q']
513	['mzekhyu0', '97msfh4l', 't13pehgc', 'xokujzbl', '18b6ikq3']
514	['so6irh9b', 'y40s45iv', '0pptqw7o', 'mqyu72nc', '8drlvdkp']
515	['kzkt3u1h', 'zzyibdy7', 'po32j519', '8dh4xvph', 'qy4gsvac']
516	['o9xdv4x0', 'isk5cu0k', '57qk34fx', 'n1cg1cba', 'nzy970he']
517	['4dsq1dds', '9mact9br', 'i9jrobdb', 'jjgfgqwg', 'q48rqmw5']
518	['tq2vdo88', 'onlly1ga', 'zqzs6vtf', '1l4o9pko', '9wnkmn27']
519	['6a6tyvtz', 'ocxl6cf4', '9ok153yl', '5zeqfohd', 'llqpfhwg']
520	['1l4o9pko', 'ml27mexb', 'roe6g61u', 'tq2vdo88', 'iu5ndsxn']
521	['thaje9nj', 'y5b7g8v3', 'qv1xdqau', 'i4p0n7d6', 'hdk02l2r']
522	['upqf41te', '4gj9d181', '1yrhikew', '1ik8lrid', 'vprj63y2']
523	['toy8i1lm', 'ypls4zau', 'mlo8zypy', 'vo6jdb65', '9n7bkayx']
524	['g6kag5ij', 'y8i60bm3', 'cbp4o6ou', 'lafh3w44', '99cgvtlu']
525	['ifovibzi', '2um2wbcs', 'etokw9j7', 'tmwt9yd6', 'hpj8gb4o']
526	['606oxq14', 'itwp8mlj', 'dlwwcryb', 't4y1ylb3', '6ctrrvi9']
527	['9pb2eqoa', 'xtraspw2', '8je46886', 'bfcz49t9', 'f3swmk24']
528	['9mact9br', 'hnx213kp', 'sonxopa0', 'mzqo4wjo', 'i9jrobdb']
529	['e0pbs354', '9169o29b', 'olhgu24h', '1y1ik2u9', 'c59vfq1o']
530	['j67qgjbj', '7momt81r', 'tlr243il', 'b9evh1l2', 'sts48u9i']
531	['0imnd2q5', 'h7ftu3ax', '1s8jzzwg', 'i1yf8fgk', 'ximw03ej']
532	['5g02ykhi', '0m76qrz8', 'pfvf8ujb', 'wun5rwsk', 't90pvtad']
533	['u1s6ciy4', '4wbkis5w', 'ocguwlam', 'and9sood', '9n7a9g78']
534	['lpoxaetv', 'opckeugf', 'jgs4jszx', 'e0a1t2ig', '7fe2vdm7']
535	['zjur5j95', 'fe72aj3a', 'iy8pp5ey', '0ctlde8w', 'o7qytdl5']
536	['cq6mivr9', 'eu2vjpw9', 'yn2aylru', 'o3bp0837', 'm5k28kbu']
537	['r07mv2ka', 'pvshw2pn', 'ihq8gdwj', '8anqfkmo', 'trpy9bbq']
538	['ueb7mjnv', 'yoiq6cgt', 'tmonjdrp', '77m4rhrz', 'zueghgx5']
539	['gorp9n1g', '6e0yre69', 'utgnwox8', 'eje3i558', 'kc6dls2z']
540	['5dbuxvc4', 'car394ou', 'q4m2uj6r', '3qefts96', 'kmwfce00']
541	['nosh8awp', 'nxh1su1i', 'mi6bdisx', 'hws1e4tv', 'taz8f384']
542	['3u3i5myh', 'a4klrp3h', 'cvbxv7h7', 'ijzoa0yn', 'ruewzstg']
543	['0aqww7cz', 'pdd5wepz', 'gvtp8s8b', '3qgwoblb', '1z1tces3']
544	['1y79i676', 'qe8mxow7', 'vjubia8r', '5hei9fac', 'sz072p5o']
545	['1gbq9j88', '49jkx2hc', '4gj9d181', 'g05z8cux', 'm8yyntls']
546	['kdxoyvsv', 'v7szuzfa', 'ydh4ve24', 'vxf2jexb', 'tl39u0h9']
547	['aaxhrecp', '2jdlavwj', 'qv31t2vh', 'hfaiddki', '376x58k1']
548	['gcsew8u3', '48ay8yl3', '3qefts96', 'y2739974', '4pfzwcjt']
549	['zu5mg2im', 'ucysxk5c', 'ii3di3dz', 'jpenhh92', '95zrth5d']
550	['hhen3xjx', 'b6lq0aue', 'isk5cu0k', 'vj2z52vg', 'd06npvro']
551	['um4v5qr3', 'n7oankiq', '8efdzlc0', 'p3cxk8gd', '6zfeeuy3']
552	['5d7erbr4', 'rzahax88', 'u89jd28e', 'q4q06pzc', '4vtad2ve']
553	['vs730te0', 'e7gq365q', 'h82s5xst', 'jwei2g97', 'qv1xdqau']
554	['h5xvrtfy', 'yj3yisum', 'uyzalds2', 'jkff091e', 'ml27mexb']
555	['vvx3zukm', '8dbjycgt', 'cn0hqvsz', '265cgz94', 'o1xsjx2p']
556	['uto9q6s2', 'qlwergum', '9f7k0q1h', '76aij6sx', '3mfwweyr']
557	['iz74o9de', '1omv4r30', 'gpdr4gfh', 'ii3di3dz', 'xj02160p']
558	['8f83k2ce', '36flecmg', 'q8l3ra55', '3jnhboif', 'wk61uyrt']
559	['18b6ikq3', 'hp62t734', 'ebgu29uh', 'c3a85ld0', '68x50rni']
560	['4uieqidm', 'wun5rwsk', 'kt1az1pf', 'jgcv1wf3', '763v4duh']
561	['ywi0a8s1', 'xi17qo6z', 'wkl3jyzn', 'l07q84ni', 'il4wa97x']
562	['abmrgpbm', 'u10j114l', 's1hmhupe', 'b70zywkw', 'p7foay4k']
563	['hcw0cisk', '0qy6hcgp', 'roe6g61u', '14alhxc3', 'cntmsia6']
564	['9eu792zu', 'e8fhlo37', '213bme3q', '68x50rni', 'wa5rxe76']
565	['ny7wkswf', 'uxz185vr', 'bggera4e', 'vgffg4c1', 'q0n5mad0']
566	['ptnpgh3j', 'vrzl7h45', 'hwczi82m', 'j6uxowyu', 'qwax5tg9']
567	['ecro0w9n', 'a0dvzhc8', 'edsrpgjo', 'l57v4wnr', 'nyqcozvx']
568	['1nk1t5qs', 'vj2z52vg', 'g9ao6ruo', '5nue46dm', '010vptx3']
569	['0bh8i14e', '5lzixulv', 's4xintwp', 'ii3di3dz', 'y9fqa20z']
570	['em2uatlm', 's96beqsh', '0aqww7cz', '8ko7mmu3', 'nerxtetr']
571	['jo489zm2', 'ufzjvdho', '64sdgroi', '5g8u35f8', 'cfkh0ypy']
572	['21lbbcxy', '963hkkiy', '6vqf2n5j', '4ghn6zbd', 'dq3qunwe']
573	['3p31ei4k', 'ubyplrlf', '5q8k71et', 'f2gsqyv9', '0loj2fsm']
574	['7xb7hj9u', 'gvtp8s8b', 'y7lrp0gc', 'li8kvzdh', 'b6ki6rmn']
575	['be4afbyo', 'dgng39yd', 'xs7vkm19', '4p6fcy8f', 's19w1p2i']
576	['25bdifv6', '09jbs6mx', 'krg8jvfz', 'ecro0w9n', '6akx6xpt']
577	['lzgwxshi', '7xb7hj9u', 'jo0m0w68', '10v7kfcd', '2a12nsnl']
578	['yqx0xqz9', '6d3qvtne', '56rn6d6o', '0qrhz4is', 'trlni6iq']
579	['sygm6irl', 'dqhdws5k', 'trmwm9qq', '9aw78s63', 'qvj36vut']
580	['jhge9qy5', 'mwj0xc3q', 's6b2zp99', '4gr6i8rf', '5dbuxvc4']
581	['q1yn89cq', 'cqwvn9na', '73b58lcm', 'ssicvtv0', 'w2kxqkkf']
582	['s0374olh', '8s9l69gb', 'cbhlzemx', 'j81mq3nr', 'hbyxy4ln']
583	['k3vs6vhz', 'jjjgu3n0', 'sjrle2n0', 'leg5ntvu', 'ljt9rn8z']
584	['dlwwcryb', '8twdx4g2', 'qwgxm1ol', '00ugdhvf', '4haf8aaw']
585	['bhleyzhc', '5nue46dm', 't3vuwghp', 'sts48u9i', '1w3x0g42']
586	['xzy98hm3', 'qub1i1bl', '68x50rni', 'vpoqfm7d', 'v06kyana']
587	['ikon1ktb', '75rhjcz5', 'gtp5daep', '34ulkvl4', 'u42d1p1j']
588	['8hz4go45', '6939kke1', 'vuzbni5m', '36amafub', 'lm73oj21']
589	['hcw0cisk', '0qy6hcgp', '14alhxc3', 'cntmsia6', 'myeiu66g']
590	['4eak8e8l', '8ko7mmu3', 'eay6qfhz', '1vcc1khg', 'ximw03ej']
591	['l4zku2e9', 'kgt61kcu', 'lgtpeqhw', 'md0drb25', 'dc8z4jzo']
592	['4ylmj9ub', 'pwvcwlh8', 'vu8ao4pt', '61snvddh', 'mo4luyx6']
593	['t006jnl5', '5tkyir3r', '4ehxnzc7', '1daa6fte', 'xthxesgk']
594	['kqhmul31', '2jdlavwj', '25aj8rj5', 'rw3l8nk8', 'o4vvlmr4']
595	['4vkkaqhz', '6zjzy0ft', 'apfimvix', 'zrnxq5uq', 'fa05sovj']
596	['h4cu63cm', 'a0dvzhc8', 'ydh4ve24', 'wnm89gfo', 't4y1ylb3']
597	['vvmb92wo', 't0iw2vod', 'eay6qfhz', 'opjfy3xr', 'ropgq7tr']
598	['ny7wkswf', 'oz047qmf', 'uxz185vr', 'z1y1zgo8', '77t3216a']
599	['5f95gve3', 'vwh0roww', 't5iz3vdz', 'j3b964oz', '4j8efxsw']
600	['11xjl53c', 'k0v1axmd', 'awfgfmx1', 'djev6er7', 'g4nto9kf']
601	['vf1vku8s', 'me08w1ir', 's2vckt2w', 'icgsbelo', 'ykxr9q1j']
602	['918wd3ez', 'ipon95io', 'e3e48idb', 'vdd8uuv8', 'mz1bof2x']
603	['z77wg8j9', '2hkdhwaw', '9f7k0q1h', 'rfbihylo', 'ylvgmdwh']
604	['dgnddq80', 'y7lrp0gc', 'hvp47bm2', 'kjf63oug', 'lgnhlxgd']
605	['wmpjfc02', 'dgnddq80', '0lk8eujq', 'y7lrp0gc', 'u31ixcwa']
606	['dhd9e9bn', '0emibwp3', '8ko7mmu3', 'bzzln9kc', '0vlh67jw']
607	['w0ebmg16', '2e02uktc', 'zyrvgaql', 'me08w1ir', 'y1gt6bfu']
608	['di4p48ax', '1peg3502', 'fpexa30s', 'z1onkz6u', 'f5p37j7g']
609	['hitaptnp', 'rhgl6vss', 'ocguwlam', '55wqowbq', 'u1s6ciy4']
610	['y5a9xtr5', '0h2x79ye', '8n4zf9oo', 'qy4gsvac', 'nbn44sxq']
611	['f6vau5s6', 'zrnxq5uq', 'iy8pp5ey', 'cj7izin2', 'gw9hkw00']
612	['llv66c9p', 'wzyj4y30', '2ierk83o', 'w7o2r4g1', '9wx4ltyd']
613	['ftjrg3dk', 'wd7drbky', 'wcmxmahq', '0vy5yifk', '7yias3rj']
614	['mdsjbfmx', 'z9vjo98p', 'rcdoewwv', '122yi9np', '7g7sgabs']
615	['hg3xpej0', 'jrqlhjsm', 'jwei2g97', 'styavbvi', '66g5lpm6']
616	['q44yuued', 'i6o608fm', 'ipon95io', 'kkbed30m', 'k1adcls8']
617	['pg50i2ql', '7s79900j', 'm26sn2qg', '1y1ik2u9', 'pdiyqdb3']
618	['1l4o9pko', 'kn9lna4m', '74070a3z', '5t16srpn', 'lehzj4d8']
619	['ximw03ej', 'u8mu4yga', 'pu12u627', '8ko7mmu3', 'hqapg5ow']
620	['lt7qsxxh', 'h1sura49', 'nxabdur3', 'du8wmh6n', 'ldz5366v']
621	['mrsya6wz', '7mcfehzc', 'ip9geldg', 'dxb6ulf3', 'a0ufivdn']
622	['gg2swy7i', '9oui0l6v', 'jkm496ip', 'y7lrp0gc', 'dc8z4jzo']
623	['37hn7u3f', 'puu8wib8', 'd60chk12', 'bla8a6uw', 'kajker7i']
624	['4vtad2ve', 'u89jd28e', '6a6tyvtz', 'wpuf4ofo', 'u92ruhjj']
625	['vu8ao4pt', '6r1hy34r', '61snvddh', 'tyaazpo9', 'pwvcwlh8']
626	['4co920gp', 'xbobfec8', 'pi9ndj9p', 'wqicq5ry', '41yfx1ev']
627	['17km3arw', '8pemlz7a', 'uhtwkkk3', 'nbqne4wp', '8dbjycgt']
628	['m39qdgey', 'cfhu5246', 'nc60nlq7', 'gihjcu73', 'ttl1ozc6']
629	['hunepli1', 'aclcbxkd', 'ydh4ve24', 'fbsrggog', '5ngg5hm4']
630	['6ntvbee3', 'g17lp8ch', 'icgsbelo', 'xe8t3uqp', 'xb4x2zjx']
631	['yj3yisum', '7xb7hj9u', 'duddd1u5', 'umttnp1g', '3x46ynqh']
632	['jisznsr3', 'mjb3ip7a', 'bzeqs5oh', 'wxrv37ec', 'jpenhh92']
633	['o6i5ca7h', 'gfb11r1i', 'j23pvlj9', '4mp1iu55', 'ba9uog5m']
634	['s3o9v1fl', '7a7oi5dt', 'i9nchww2', 'dfhxcqr8', '509h7pnh']
635	['0emibwp3', 'hngra91q', 'g17lp8ch', '5nyc1cn5', '7s79900j']
636	['55lbj72e', 'sybr04qy', 'or30thq4', '7vq9okcs', 'klqji8gj']
637	['zoipx650', 'et1ekgdl', 'n5ogyxz7', 'ja3v0wua', 'pzqmg22v']
638	['lnls2mhg', '3qefts96', '3s3tzfnn', 'ksf2tpdw', 'wdtrpnkn']
639	['9pb2eqoa', 'zl4ixyg1', '2f7wqamp', 'mnjy6bq2', 'z86g8dzs']
640	['ezrarusj', 'n9nu5n44', 'qh6rif48', 'hbkl5cam', '2q6qmex3']
641	['zueghgx5', '77m4rhrz', '9jqafpkp', 'cb3u1s7s', 'soa71kwx']
642	['9oejm9sc', 'octtj2vf', 'ey0r1py7', 'me08w1ir', '80yu5aiv']
643	['eflyypev', 'fcb8egak', 'mpe2qs0h', '69o6g1oe', '9btdjktj']
644	['nwb7qf9l', 'jk37ej4c', 'uxz185vr', 'jgq968f6', 'l6zsf85e']
645	['b3ui95vx', 'yk2th44f', '059oj76m', 'u1tv6n5s', 'wrsk5vh9']
646	['hpbcwiwf', 'faue5ywu', '5yscqct1', 'xp2qkk52', 'eywnnzxe']
647	['dpt7sh4h', 's96beqsh', '0nhgxoim', 'oz047qmf', 'niw61l9r']
648	['0h2x79ye', '5m23wtpi', 'lmzkseiz', 'vx1hjh26', 'zqekxlz9']
649	['2sp8nm0i', 'elviuvfz', 'pxpo8jni', 'jcueu1xh', 'le6d2l5i']
650	['ivy95jpw', 'roe6g61u', '1l4o9pko', 'sywxrxmf', 'hcw0cisk']
651	['0rsbmh48', 'pscw933i', 'fw211spn', '5oy0q6ca', 'i9jrobdb']
652	['me08w1ir', 'a0dvzhc8', 'oi8epg9m', 'vj2z52vg', 'in69fhw9']
653	['ljpeq5aw', 'uyzalds2', '5bk0w0sa', 'qq46f7fu', '9mact9br']
654	['roe6g61u', 'nxu1xoax', 'sywxrxmf', '5f95gve3', 'qci7khki']
655	['egzlstrz', '1l10diya', 'tuqp3ngs', 'kajker7i', 'kztdc8vv']
656	['en0obmna', 'nuzt4jcf', 'jw42gokv', 'iy8pp5ey', '208w0eyz']
657	['pdiyqdb3', 'pg50i2ql', 'ewf1z1ee', 'tz2shoso', 'fo9uq389']
658	['ml27mexb', '1l4o9pko', 'zqzs6vtf', 'iu5ndsxn', 'mo23hpe1']
659	['3nf5bxv3', '0c03fjk5', '33wqmdnk', '3ttyxjgi', '53vvp3j5']
660	['x5m6u9pg', 'hkh1crxr', '29tcwijl', '8dbjycgt', '7o7v0ewg']
661	['lnls2mhg', 'f2ypnls4', 'adhj5e5s', 'nbqne4wp', 'od0y5ruh']
662	['tq2vdo88', '7wsumadw', 'qpnofgry', 'zqzs6vtf', '9tl8qibm']
663	['20xgqvxc', 'apfimvix', '4vkkaqhz', 'ftq6ed38', '5iudn4kq']
664	['f97doeoj', '8s9l69gb', 'bzn7wd36', 'xp2qkk52', 'hngra91q']
665	['gln6e0t4', 'pvjoxgn3', '4pfzwcjt', 'xdbtwiqw', 'cmc4ocay']
666	['ntra3jhs', 'u79trvqf', 'hhy9g1yf', 'lv5xjfk4', 'u5rbvc3i']
667	['j4p46aiv', 'tn8houmc', 'vszlmtf4', 'o9mq3auf', 'hpj8gb4o']
668	['in69fhw9', 'gjsrfmj4', '7n4t8i2n', '6mzqk12f', 'vf7xj5qt']
669	['r76tqrwz', '0r580il2', 'tq2vdo88', 'bl96upg3', 'cy0wy98u']
670	['bfm45zas', 'lbrpbhpg', 'pjllicm7', 'ou731vpe', 'samf1kwn']
671	['ef3warsh', 'z86g8dzs', '1s8jzzwg', 'eay6qfhz', 'ximw03ej']
672	['f6li7qil', 'r4fd5vp6', 'ihlkhh2d', 'r5iu5nr1', 'faue5ywu']
673	['sywxrxmf', 'roe6g61u', 'hert77y1', 'ivy95jpw', 'cqi3r0xz']
674	['8ko7mmu3', '1vcc1khg', 'ropgq7tr', 'mja2qlpk', 'x9sfgtim']
675	['bre2ijbb', 'k5jkntul', 'mo23hpe1', '8drlvdkp', '9qklnvyl']
676	['dfyshke7', 'lfo6otkc', 'jo0m0w68', '0retx7ty', 'gruir7aw']
677	['0aik5i71', 'ttpbs13r', 'ko42qlzr', '8p0xdqba', 'uoa7ug6f']
678	['g17lp8ch', 'x9sfgtim', 'ropgq7tr', 'vvmb92wo', 'usyduiti']
679	['52jtd51o', 'bvzi49hy', 'sgo76prc', 'np1y2fkt', '05vmhjjp']
680	['16qdfits', 'duddd1u5', 'q6j7vy8u', 'cnir3fx1', '00ugdhvf']
681	['8hkxbxz9', '7xt894vr', 'ti8hnjgc', 'f2zgrgva', 'la9zgtzb']
682	['1gbq9j88', '45qyz490', '5q8k71et', 'w301ofxi', 'm8yyntls']
683	['wjktna81', 'rw3l8nk8', 'pm9cl9ps', 'wtqwghon', 'yc7cvbii']
684	['v4y49n7i', '76aij6sx', 'mo7oq5t8', 'pa81t00f', '7wz030vg']
685	['b9nqcbf7', 'v8m7cszi', '6ovv79ia', 'd2s3170w', 'o8lasxcb']
686	['me08w1ir', 'jbvsmuea', 'b5eve7re', 'lbkjxws4', 'td8uwcas']
687	['vmizkujc', '08mfxvql', 'xui25c83', 'c9fg1ni6', 'j7ltjn4k']
688	['rzoatp8v', 'ksii37ja', 'vw3cuiof', '62xdiz68', 'jurqttdg']
689	['eo89w6qp', 'ppuki7qn', 'stn5gl2b', 'l3cisx2n', '3tfof5nd']
690	['x996e0cn', 'j7vm8h9t', '9ex61dl5', '0iqdqcp6', '5g8u35f8']
691	['yi2m5ukw', 'zecuhkcd', 'hzh4wmtb', 'o7ww2prj', 'h73m17lw']
692	['r7kvv48s', '164yx77a', '0iqdqcp6', 'rybjc58j', 'f0wzxv39']
693	['pcekcvwr', 'tloczjn5', 'ahpkmffy', 'o68mentl', 'xd292vld']
694	['k7smwz6w', 'aqbhxv1f', '3xzivp7d', 'byvsuvn0', 'mzekhyu0']
695	['jisznsr3', '0ojzssli', 's01g5wxg', 'z4cq9klm', '4cy3er3y']
696	['zecuhkcd', 'ucmzbezx', '2h4cat6k', 'yi2m5ukw', 'grx4gx95']
697	['h1ncnt2c', '8wqii0nd', '376x58k1', 'f5twvg9g', '4img2we6']
698	['gw9hkw00', '7a7oi5dt', '6zjzy0ft', 'akbq0ogs', '9ok153yl']
699	['ecro0w9n', 'a0dvzhc8', '9oxajwkk', 'z6sjfdb9', '30r8zd0l']
700	['oqz6i77n', 'zuz2992q', '9f7k0q1h', '53t1mhnb', 'y2739974']
701	['vrhrc7v6', 'juofmvz2', 'dp9x046e', 'belhjr5e', '8ljnxihr']
702	['y12veqre', '36flecmg', 'zoipx650', 'pzqmg22v', 'h82r1ttc']
703	['jtwb17u8', 'iobpcfs5', '944pn0k9', 'f1ckv4bk', '3yi44xfe']
704	['4unn3fmu', 'iu6epm2i', '4gj9d181', 'g3hujz5o', 'xk6rp4e7']
705	['f3j0g82b', 'lsiy3quw', 'e8fhlo37', 'jk5tczo0', 'sb3y2w6c']
706	['7fua7kgs', '9bhi3rqu', 'lv5s1bko', '6d5tp5hy', 'v8ujnrbi']
707	['wq4jsc4x', '2vs7geu6', 'qopfltoi', 'b9evh1l2', 'kek9i9zd']
708	['dccymlie', '7xb7hj9u', 'zd8c1no7', '2f09vauy', '1niaplc2']
709	['ivy95jpw', '0xo6nt7n', '0qy6hcgp', 'rhphldyp', '5f95gve3']
710	['vndj6f7w', 'tra5ewc5', 'jjh1z5c6', '2bpyvgv7', '2tre0wat']
711	['n6lwnct5', '4zswxeth', '2a12nsnl', '1niaplc2', 'whj9jwwf']
712	['208w0eyz', 'nuzt4jcf', 'iy8pp5ey', 'en0obmna', 'p703e396']
713	['nln6pl3h', 'in9a3bvi', 'bw6a5gmy', 'n0actmsc', 'ouno4jpl']
714	['4gr6i8rf', 'tzp03hmr', 'ej9qbrt8', 'aky3bja0', '4vjpu9t1']
715	['l0l2ev29', 'yb6lmv1a', '0qtbhr54', 'n3swuykg', 'gvn2v6rt']
716	['b4161ynv', 'gtol0evh', 's96beqsh', 'zhh2c89o', '6ovv79ia']
717	['f6i46t3h', '78kbutc3', 'q7vv128t', 'z3ktkgyp', '41uuzzpg']
718	['tmonjdrp', 'qtzhfnr6', '38paoyuc', 'sjkni2uc', 'il3g34k6']
719	['kfbrar54', 'x7qlnugx', '24u6q3ae', '91nj68tn', 'llqpfhwg']
720	['dx53hxej', 'na3c21pf', 'idlk9itu', 'zs6sjlyn', '0neg0ffq']
721	['tf5a48i2', 'ecro0w9n', 'ddwrvlc9', 'vjpf1fk6', 'l56c020a']
722	['vzloj6b3', 'and9sood', 'k30wvnx8', '1itor6ic', 'waujy98e']
723	['2zbm4iwn', 'y4cqgbm2', 'r4yukmwe', 'ow39tpxn', '5zzlhyga']
724	['jgs4jszx', 'pscw933i', 'jvog9dpj', '7fe2vdm7', '4fzzoj14']
725	['eywnnzxe', 'byw8jsqv', 'qh7biax3', 'z6elaxpc', '2qcuygax']
726	['y14lw5b2', 'jzu70l93', '1zd3hjpo', 'e0pbs354', 'gtp5daep']
727	['l4zku2e9', 'kgt61kcu', 'md0drb25', 'lgtpeqhw', '8hvve871']
728	['ecro0w9n', 'r1m709hb', 'faue5ywu', 'l0l2ev29', '20xgqvxc']
729	['8xf8u6bg', '9enbrd6h', 'b1g23kz1', 'fpexa30s', '71ixs3y4']
730	['9wnkmn27', '1l4o9pko', 'aakzdkcj', 'nz976qc6', 'd21lvneh']
731	['4vkgn3yt', 'x51jorbm', 'd8vo0ncl', 'pindjvhk', 'rog2h4g7']
732	['4socpj73', 'f2ypnls4', '9g8m78s3', 'a68y6qsf', 'fety7g0q']
733	['86qczmbt', '8drlvdkp', '1hlqov6m', 'wnm89gfo', '3ncm8iwb']
734	['fjzhe9tp', 'g05z8cux', 'tx2dwo04', 'e6miaabh', 'mxfrfyeg']
735	['35nshnn2', '5zaw2iot', 'b5eve7re', 'zctjkag0', '3w5ouagx']
736	['so6irh9b', 'qa1tbu6t', 'nrhk8ctf', 'y349r3r6', '0aqww7cz']
737	['egn81atf', 'awfgfmx1', '9wx4ltyd', 'oqz6i77n', 'g4hlvnmq']
738	['ashxoaav', '5lqjmqu5', 's10kzuf1', 'orqulgfr', 'oa5yvpn7']
739	['iid4bnvw', 'lcl9jn35', 'sxoo9p8e', 'tv014ubp', 'tjhz8bdb']
740	['drto66xt', 'rwevmwcr', '68x50rni', 'x64zft78', 'irgnrr0j']
741	['ucmzbezx', 'z1jr2urk', 'iqgw6jaq', 'a4babgpl', '4cy3er3y']
742	['b5eve7re', 'a0dvzhc8', 'td8uwcas', 'me08w1ir', 'vj2z52vg']
743	['io8mozoe', 'vvuaegse', '5y6gjl2t', '41yfx1ev', 'mz1bof2x']
744	['tfpa12kr', 'h8ej5w6j', '39nzvid1', 'b39i4v0t', 'yy8mbw1a']
745	['ivy95jpw', '0qy6hcgp', 'hcw0cisk', 'rp9opdmd', 'jz6o9gnb']
746	['du7ba2ky', 'kztdc8vv', 'deas7kr0', 'c2mpraux', '7np944lw']
747	['v056i6g7', 'aclzp3iy', 'ftjrg3dk', 'fbsrggog', 's2vckt2w']
748	['l2i3aa3k', '92ljfia5', 'sa4ms55e', 'vvmb92wo', '9ezhwvv9']
749	['ec3pmvih', 'ay7gv9lv', 'vqswp96l', 'kjl04qy5', 'atd6bg76']
750	['52lf5gzr', 'ueh60bz2', '6rpm4phy', '9f7k0q1h', 'djev6er7']
751	['oaq5a5i3', 'tdxrx9se', 'nj94rv6f', 't023li1a', 'glpca9u0']
752	['t4y1ylb3', '7a543f7v', '5zhjn3u2', 'la2wvnb0', 'q5f98qzk']
753	['r7aqsyfl', 'amw2c96l', 'dkfohub3', 'r1tp27z8', 'kff7ho04']
754	['ngbnnpni', 'wb601nx8', 'd7c6l97j', 'z5jbjx59', 'sjsaw6yv']
755	['ny7wkswf', 'hg3xpej0', 'uxz185vr', 'jrqlhjsm', '80cbwj3o']
756	['1s8jzzwg', 'sxi0tpsf', 't0iw2vod', 'w1bx4a7v', 'opjfy3xr']
757	['lv5s1bko', 'y6ufb4l6', 'jc245v1o', 'j884ppwq', 'ztxfa5b8']
758	['li8kvzdh', '121p2shq', '6hl6rtsh', 'pjh2lr22', 'o8lasxcb']
759	['nnkul2r2', 'g0za5fqi', '8s7zy55f', 'egy8rgtl', 'kd3as3b9']
760	['onjgfr4j', 'gh6bizzh', '8pdlynuo', '00xnsdt9', 'qa1tbu6t']
761	['est5jx7g', 'gtp5daep', '2jdlavwj', 'f5twvg9g', '2leg4980']
762	['gha1wg4w', 'vhjzjdou', 'd1p8zo23', 'msovjuk4', 'u2kjft6q']
763	['fnok2eoj', '2uidarm3', 'gw9hkw00', '1l10diya', '9pijmlpz']
764	['z22g03v4', 'y12veqre', 'yr27lnq8', 'ii3di3dz', 'jpenhh92']
765	['uuojkhn3', '2r0a357c', '944pn0k9', 'rcbr4rvt', 'vl7eqzu4']
766	['ohfi48d6', 'o7ww2prj', 'y40s45iv', 'hcfoj5l1', 'cgc0v1dg']
767	['ximw03ej', 'oxtvcoi9', 'u8mu4yga', 'ipblyab0', 'del20ax2']
768	['pfbgojxr', 'hh643w7m', 'vxf2jexb', 'f5ehif2w', 'nuu9l5kx']
769	['jo489zm2', 'ufzjvdho', '64sdgroi', 'bw6a5gmy', 'yxkub54e']
770	['164yx77a', '0tn06al2', 'eml8uilb', '5dbuxvc4', 'fdkt6moe']
771	['1nk1t5qs', 'jveh2w09', 'n39y3kq2', 'lgflny84', 'q2i328sz']
772	['g3hujz5o', 'duwr9b5b', 'i89fbfea', 'zuz2992q', 'lvbutmio']
773	['l5nncxqo', 'v7ckvxjp', 'hpj8gb4o', 'yeowvvqi', 'e7ntocgf']
774	['sgo76prc', 'f3mvdpq1', 'b5eve7re', 'ngpl6xs1', '7pqy0ejn']
775	['8gl323hs', '0oq0xmzr', 'tx2dwo04', 'mo23hpe1', 'k5jkntul']
776	['f80cfjrn', 'zl4ixyg1', 'eay6qfhz', 'u8mu4yga', '5z0xwlxp']
777	['ujq9mxk7', '45r6aieu', 'xchvlphf', 'jgq968f6', 'mkgszhkk']
778	['95e1kuux', 'jrgeasqy', 'fxvro3wl', '52x62y5l', 'dq3qunwe']
779	['rbgoabfk', 'bzeqs5oh', '5gshj480', '8zufbeuz', 'xy4m6x8d']
780	['ttpbs13r', 'b9vm3x3w', 'z6sjfdb9', 'mldwnz43', 'ga5z3via']
781	['uxz185vr', 'ffy19pp9', 'cimmc4y8', 'ny7wkswf', '0g3pro4v']
782	['18f7x2ci', '6ukt0gbn', '6msw06fb', 'fg9cy17k', '47d0wl98']
783	['6r79qt66', 'idlmau69', 'cy8vyb6j', 'rc5d6wi3', 'rk9hsw2b']
784	['mkgszhkk', 'fj6l76hq', 'sem6z3ka', 'rj9k9awy', 'zz4cczuj']
785	['n4kke717', 'g0ofqh8r', 'r4dgrxel', 'zu07vbc4', 'zew4tzy7']
786	['ajqbljai', 'u10j114l', 'birrxj48', 'jxsldz4o', 'mz1bof2x']
787	['s0w95qdn', 'jtwb17u8', 'iobpcfs5', 'tvzn0112', 'ukca8cqw']
788	['lrqt2gcw', '755ym7vl', 'xxm6o1l1', 'y4eyse0y', '9e3mxt1a']
789	['9a27s0zn', '4cqf9v2v', 'oeudi6lr', 'vqbs5ot5', 'btao9cun']
790	['9svrz0vj', 'bzn7wd36', '15q47bw5', 'yu2qzp18', '4vq9ljlg']
791	['6j9x3pn5', '48ay8yl3', 'n2zhxvzz', 'amtk0s0v', 'trlni6iq']
792	['3otvtwbb', 'jgs4jszx', 'lpoxaetv', '8acldtv2', 'opckeugf']
793	['fw211spn', '55vu6b3u', 'nles7ymd', 'cy0wy98u', 'ooy5nf1d']
794	['43ocdbp5', '8p0j9nvq', 'jlqpwfwm', 'ccljxw2s', 'leokcqqy']
795	['dsfbmhbj', 'ztxfa5b8', 'ocxl6cf4', '1k0qpuys', 't1ughb9b']
796	['ximw03ej', 'ef3warsh', 'ii3di3dz', 'jpenhh92', 'u8mu4yga']
797	['di4p48ax', '1k0qpuys', '855atuue', '1gv3t5t0', 'lxdcelk1']
798	['8je46886', 'ef3warsh', 'u8mu4yga', 'xtraspw2', 'd6qr2abi']
799	['hb3wcm04', 'm45teajz', 'wjktna81', 'd3530i86', '0eftiyuw']
800	['dij3wy6q', 'sdij1d90', 'ii3di3dz', 'jpenhh92', 'pzqmg22v']
801	['wnm89gfo', 'wgfdd3lm', '2dixw8up', 'a451243b', 'gg2swy7i']
802	['1ik8lrid', 'd5sxycaw', '6vmfa6qx', 'ax87r0bj', '611ih9pl']
803	['ub3kjqkv', '4mjrpjit', 'hws1e4tv', 'nosh8awp', 'taz8f384']
804	['g17lp8ch', 'mfziqu80', '5nyc1cn5', 'ximw03ej', 'w1bx4a7v']
805	['8mmau2lz', '5esyjt0l', 'tafg1xoo', 'j3b964oz', 'z0p4f7tq']
806	['j41c15mw', '2kh4iw8h', '0phcscz8', 's4cfdgbv', 'cnz7jlw4']
807	['r4yukmwe', '57w1iir4', 'gvn2v6rt', 's7v66pvg', '5rsxnrdr']
808	['v29jmh6s', '8gub6wmy', '8twdx4g2', 'cpeizrdb', '7fua7kgs']
809	['fw211spn', '089b1z4b', 'j2t0ofgt', 'j5sj9b3d', '1pemhh4n']
810	['evf9nz05', '6xc4j09c', 'rr0v0ju1', 'z4cq9klm', 'z6cdyy0w']
811	['k9xhphpl', '80dfqjql', 'ouk4adod', '4gj9d181', 'hiw576og']
812	['1s8jzzwg', 'xtmn1n0r', 'h7ftu3ax', '3o91v72a', '4eak8e8l']
813	['jisznsr3', '195h4ofw', 'u31ixcwa', '0ojzssli', 'otp1atui']
814	['moe0bi1g', '1m093f8d', 'z68tl88x', 'y40s45iv', 'extp8epx']
815	['ngbnnpni', 'd7c6l97j', 'frr4vu0w', '8wzqgell', 'wb601nx8']
816	['ybpev0vi', 'w3jyovd2', 'pyz2tnhk', 'usr8hzcw', 'jcp3u4mf']
817	['q4m2uj6r', '5dbuxvc4', 'car394ou', 'p6uliadr', '3qefts96']
818	['gruir7aw', '1wui9gwa', '1niaplc2', 'trpy9bbq', 'jer4jwwf']
819	['rbgoabfk', 'x4zuv4jo', '5aev7ltr', 'jzosdlu7', 'llow5xll']
820	['h1mo3bs8', '0ojzssli', 'zbr3kfv2', 'k8yp9p0g', '3ncm8iwb']
821	['e1macqqm', '9oui0l6v', 'm8yyntls', '2erwhb66', 'kfn2q7wt']
822	['eje3i558', '38d6gb7o', 'xxm6o1l1', '12th7nja', 'sdij1d90']
823	['eef8mem7', '7mc4dq6p', 'hwczi82m', 'vpz3o29f', 'sdtr6yla']
824	['vge26qe9', '1peg3502', '0furaib4', 'n2wqalcu', 'ngywgodg']
825	['s23d5pns', 'puu8wib8', 'lcy7u1i6', 'dqbvnr0y', 'uv5jctnd']
826	['z3ock8ar', 'xq525smx', 'hmjaz4kc', '40ej9jg7', '6aku7ghk']
827	['a4babgpl', '6pn9jwfn', '3kng7qea', 'po32j519', '65efipbi']
828	['zoipx650', 'ii3di3dz', 'jpenhh92', '675v58x8', 'y12veqre']
829	['dgnddq80', 'su41e4vo', 'y7lrp0gc', 'wmpjfc02', 'r0osk17r']
830	['i3jsvtwp', 'gtp01rna', 'aclzp3iy', 'fynl88p5', 'ip9geldg']
831	['a0dvzhc8', '6mzqk12f', 'nyqcozvx', '9ok153yl', '1k0qpuys']
832	['v06kyana', 'kugpzkyx', '7q2jd0mf', '97vw83zu', 'cnir3fx1']
833	['texmsvyt', 'yj3yisum', 'aqcllik0', '7tqxng6p', 'v0zxdkla']
834	['y40s45iv', 'so6irh9b', 'tp7wthiv', '0ojzssli', '8x3lqokw']
835	['1ad18z11', '2xjv2fb6', 'z3o3ib2f', 'e56ivoz7', 'tcaglk0u']
836	['3mvia5c8', 'n311ptne', 'njgbom98', 'la2wvnb0', 'p91vvukr']
837	['ttpbs13r', 'a9prti0f', 'pb25lrnw', 'g4hlvnmq', 'vmizkujc']
838	['qeqd4soe', 'fq5nayxt', '1ov3eydq', 'wtb51big', 'hcw0cisk']
839	['wubcq0xx', '5nr3j1ew', 'kt47i60w', 'gi21di4d', '855atuue']
840	['vsphu6ih', '4xs9avr0', 'ml8j19l7', 'ngywgodg', '122yi9np']
841	['6lsgwvsv', 'hunepli1', 'o1xsjx2p', 'kff7ho04', '5y6gjl2t']
842	['dh3zqjbz', 'cvxni7cd', 'lj74054o', 'k36rymkv', '82afil03']
843	['oqhmvpjm', 'nxu1xoax', 'sywxrxmf', 'ivy95jpw', 'roe6g61u']
844	['k2jzadwq', 'ydh4ve24', 'wslsqytj', 'ztxfa5b8', 'rhnr430g']
845	['yfzlbk46', 'nbn44sxq', '40fvjskj', '1tamgmzm', 'y1ob8tcq']
846	['04vbjlab', '0ho4f5wg', '8dh4xvph', '8wzqgell', 'v4y49n7i']
847	['jkm496ip', '6xc4j09c', 'ag5coipu', 'zuc538yd', 'mkgszhkk']
848	['vbx8khih', 'vgmzb03s', 'nsflghc5', 'kt1az1pf', 'b8ipstv2']
849	['8ruux4sw', '0ojzssli', 'k36rymkv', 's01g5wxg', 'mjb3ip7a']
850	['dgnddq80', 'y7lrp0gc', '4ckob7b0', 'wmpjfc02', 'su41e4vo']
851	['r58aohnu', 'ximw03ej', 'u8mu4yga', 'dhd9e9bn', 'd06npvro']
852	['tk0iwpnb', 'nrhk8ctf', 'so6irh9b', 'n4hw9cvo', '8lqb9le5']
853	['m2id6kxw', '6wpyxcuy', '8w43qkqu', 'a0dvzhc8', 'isk5cu0k']
854	['so6irh9b', 'ydh4ve24', 'nk8m2dxt', '3ncm8iwb', 'pb25lrnw']
855	['wgpty5w3', 'y6ufb4l6', 'rgmurgbf', '387spphe', 'zhg1hvsq']
856	['tq2vdo88', 'zqzs6vtf', 'iu5ndsxn', '1l4o9pko', '7esjlc7i']
857	['pm3ck1gk', 'bf42staf', 'j884ppwq', 'qa6afon7', 'ifgz75ch']
858	['xs7vkm19', '56rn6d6o', 'cv5jhuc8', '8acldtv2', 'idtt3frp']
859	['ok9o9tta', '0ml57rhr', '10l6kx3e', 'efm6zj9r', 'uxz185vr']
860	['uyo1rpx6', 'nrhk8ctf', 'wt6azxc1', 'so6irh9b', 'lfk6e8hy']
861	['6ys3uogb', '607lsqlg', '8iqs6jko', '2rx84imv', 'lhbk4902']
862	['sdtr6yla', 'k0eheo71', '0qyhjutm', 'yc7cvbii', '7mc4dq6p']
863	['9h74xlvv', '0xo6nt7n', 'cgc0v1dg', 'qh6rif48', 'a17tumo7']
864	['963hkkiy', 'q4jjtw63', 'jfjxujwj', '8g70j0qw', 'n9nu5n44']
865	['zuc538yd', 'ygn9oiir', 'ivy95jpw', 'eknllnci', 'zdfx3zo3']
866	['fe456in0', 'yv5nepnc', '9getsuci', 'utgnwox8', 'g1zce6p9']
867	['nk8m2dxt', 'oaq5a5i3', '0pcgcbjw', '1j4w2hyp', '3cr97dii']
868	['wk61uyrt', '5nsayxwc', 'flqdf8vd', 'dt7hip0z', 'raw2mt47']
869	['y12veqre', 'jisznsr3', 'xi3d70kq', '0ojzssli', 'btao9cun']
870	['qyj6y9jc', '5q8k71et', '17km3arw', 'pybdjsdj', 'hert77y1']
871	['wdfzrzkt', 'foy3dsq4', 'vge26qe9', '0furaib4', 'znswomwk']
872	['r58aohnu', 'd06npvro', 'ml8j19l7', 't0iw2vod', 'y7s6qt6j']
873	['dt2pew66', 'zycgczqy', '8uxntauq', 't023li1a', 'ag5coipu']
874	['1vj9p7vm', 'pzqmg22v', '7lx4w75b', 'yr27lnq8', 'q93luiw2']
875	['ktwazcrd', '0b1dbz6q', 'yr27lnq8', '2u5zxc2i', 'j0uojajt']
876	['ropgq7tr', '9ezhwvv9', 'eay6qfhz', 'g5h4tazp', '4eak8e8l']
877	['wnm89gfo', 'wz6446aw', 'y9fqa20z', 'mg9kypvn', 't90pvtad']
878	['6a8j7hjt', 'e49rdu76', 'b870ftnq', '9anlwi27', '7g7sgabs']
879	['6mzqk12f', 'mgtxchud', 'jhge9qy5', '6wpyxcuy', 'z4s7u17l']
880	['376x58k1', '2jdlavwj', '6mfd3n4s', 'hfaiddki', 'vjvyjblu']
881	['x7ffgtrd', 'u8mu4yga', '8iqs6jko', 'z86g8dzs', 'eay6qfhz']
882	['45y7jepy', 'cmeiqnng', '2nthllnv', '9y9s7tn3', 'wrzmgnrb']
883	['dgnddq80', 'r0osk17r', '4ckob7b0', 'zdfx3zo3', 'yfpioqi5']
884	['8je46886', 't0iw2vod', 'td8uwcas', 'w1bx4a7v', '1s8jzzwg']
885	['a7frertc', 'h61b3bsm', 'hm1n8wz2', '1uto8vrp', '0jl6qu0i']
886	['g6i3x433', 'gjsrfmj4', 'c6p7hgh4', '855atuue', 'gw9hkw00']
887	['5o9bbspc', 'tdlcb9bf', '12th7nja', 'cp6xu2ox', 'u31ixcwa']
888	['faue5ywu', 'egn81atf', 'pb25lrnw', 'rhnr430g', '9uxazk87']
889	['b5eve7re', 'wh3k3u28', 'td8uwcas', 'y04dub8o', 'zctjkag0']
890	['lsojoa7c', '05g9172m', 'h4kc04w0', 'iwc72ymq', '296ilxyg']
891	['7xnh53x0', '5053t5ki', 'zoipx650', '9n7a9g78', 'qwax5tg9']
892	['u89jd28e', 'vw3cuiof', 'h8ej5w6j', '1kubts7j', 'gckr8h1m']
893	['nvphu1fm', 'iez1j9jn', '76aij6sx', 'b8c309hj', 'sdg65ple']
894	['ebgu29uh', 'hp62t734', 'mzekhyu0', '68x50rni', 'lwpvyy49']
895	['j4pgpxoe', 'spohl5ey', 'onbq7hia', 'cpc1yefj', 'nkzweuft']
896	['4vkkaqhz', '2uy0jjdh', '0j4ind0z', '5q49qq42', 'mqnqjn0c']
897	['bidvx8hy', 'a451243b', '91ea40nz', '05lgp662', 'ryj83uw3']
898	['dfl69g4f', 'xl3519jo', 'a793bgc1', 'mqnqjn0c', 'p21ph6ng']
899	['i1icueuw', 'h35we3mn', 'awfgfmx1', '3s3tzfnn', 'f5s0ntps']
900	['rhgl6vss', 'hitaptnp', 'ay7gv9lv', 'cqv2cv9r', 'z9jqbliw']
901	['a17tumo7', 'shfkl0bs', 'kgmugkmw', 'b8c309hj', '3724854p']
902	['1fdnbq1f', 'nyqcozvx', 'ocxl6cf4', 'rhnr430g', '1pemhh4n']
903	['4vzdk69c', '963hkkiy', 'zmkvs7e7', '60e9lhfi', 'dqrp18c6']
904	['y12veqre', 'u31ixcwa', 'yr27lnq8', 'zoipx650', 'sm0112e3']
905	['yjsxen4d', '76aij6sx', 'pibg1iw7', 'trlni6iq', 'eknllnci']
906	['ucysxk5c', 'yr27lnq8', 'ptnpgh3j', '4ttda53p', 'yfbg2n2u']
907	['46no7uq8', '6xxm7hcs', 'sz5fr79q', 'g914ir8h', '6cx33se3']
908	['m6eotnko', '8drlvdkp', 'samf1kwn', 'i2grfr3u', '05vmhjjp']
909	['8n4zf9oo', 's3qkscw7', 'ipon95io', 'fatm351r', 'vdd8uuv8']
910	['nerxtetr', 'qhrwngde', 'hg0lyy93', 'zvlbs4cc', '8w2t6u96']
911	['a7frertc', 'rytzyf1j', 'tx2dwo04', 'xd292vld', 'a66sszp2']
912	['onjgfr4j', 'uohbxoeb', 'hn6clwoj', 'jtgpzrf9', '0bh8i14e']
913	['qnuphz59', 'jwei2g97', 'rnq3k34m', '66g5lpm6', 'dcfqvp4p']
914	['ii3di3dz', 'jpenhh92', 'y12veqre', '6buxpp8x', '36flecmg']
915	['xchvlphf', '1niaplc2', 'wq4jsc4x', 'pq75mafr', '3x46ynqh']
916	['4pgish5x', '08p8ns2d', 'vpcx2t3w', 'qowp861l', 'mxfrfyeg']
917	['cvbxv7h7', 'ruegzkoo', 'v5eth1m3', 'fquzwsiu', '9bhi3rqu']
918	['g99myvw1', 'eyhgtpe0', '34eot3zh', 'pq3n18ae', 'gtp5daep']
919	['fnedip6k', '0g3pro4v', '77t3216a', '8pkwqg5j', 'lf6fprh0']
920	['35yl70z8', 'vg96f35h', 't22hwoeb', 'zpv5f8pr', 'oap7i5ea']
921	['5y6gjl2t', '6yinwbfh', 'mja2qlpk', 'g283lf8j', 'ebbaw3td']
922	['znpc5jq2', 'lorpo8uk', '8gh3q7p3', 'mxfrfyeg', 'v13kzr5y']
923	['mlo8zypy', '9n7bkayx', 'ypls4zau', '4hdj6mtf', 'm89wmmxd']
924	['vj2z52vg', 'tu1vevx9', 'jo0m0w68', 'h35we3mn', 'mo4luyx6']
925	['sgo76prc', 'b5eve7re', 'f3mvdpq1', 'ngpl6xs1', '8xgp6nhy']
926	['c0i45oix', 'h4cu63cm', 'gcv4lmsr', '8ljnxihr', 'glxt2q6f']
927	['rcb943w2', '0pptqw7o', 'rng65ofx', 'amw2c96l', 'dkfohub3']
928	['7lhoq10e', '41uuzzpg', 'ziaiufzs', '4xs9avr0', 'z3ktkgyp']
929	['7ddw02f7', '5f95gve3', 'wdtrpnkn', 'u99omznb', 'wmocjiwh']
930	['kyt14ufu', 'wslsqytj', '3s3tzfnn', 'n3yuvf8v', 'kdxoyvsv']
931	['tnejo5wc', 'f0wzxv39', 'j1lhgciv', '122yi9np', 'mdsjbfmx']
932	['btyj86gh', '0vhy44iq', '0loj2fsm', '07a30kd9', 'zuz2992q']
933	['pofysmv8', '3kjckx8o', '64qt0w2a', 'e9ba18fn', 'i0wbfhu0']
934	['p42w7vjf', 'q93luiw2', 'bzeqs5oh', 'amw2c96l', 'r8vxz5vu']
935	['94w1sbsb', 'qalficgu', 'pa81t00f', '8gub6wmy', 'mlo8zypy']
936	['ekgqdjlk', 'd0nacth6', 'ko8lyoob', 'bhleyzhc', 'oap7i5ea']
937	['z22g03v4', 'sm0112e3', 'dgnddq80', 'wmpjfc02', 'y7lrp0gc']
938	['3kng7qea', 'vda9s8lj', 'gss2lw8m', 'gysvo8e9', '1adt71pk']
939	['fub50lvt', '1l4o9pko', 'iu5ndsxn', 'mo23hpe1', 'ivxvry3u']
940	['gtp01rna', 'xq525smx', 'i3jsvtwp', 'yn7e3do9', '6j45mmjh']
941	['8p0j9nvq', 'ybaxa1vg', 't1mwzhrq', 'qxjwsp8u', 'dhy80rkn']
942	['n5c0hcwn', '3cr97dii', 'ydh4ve24', 'xxtgzo5e', '3s3tzfnn']
943	['ro3o27pv', '56rn6d6o', 'npe81wc8', 'oz1dkdu7', 'pscw933i']
944	['nxu1xoax', 'hert77y1', 'onlly1ga', '1l4o9pko', 'aakzdkcj']
945	['0u4nmrq4', 'rckwiqgb', 'tw7jsibe', '500ypv61', '7dfcs8hr']
946	['7hporv6w', '6ajmuuld', 'xigbp7vh', 'qa1tbu6t', 'i1icueuw']
947	['a3efmczu', '2e02uktc', 'qy4gsvac', '02u91ess', '3tlv2b5x']
948	['7qxs79qy', '1uto8vrp', 'yfpioqi5', 'egn81atf', 'hygxwl2f']
949	['65efipbi', 'fbsrggog', 'dccymlie', 'hngra91q', 'txnegebz']
950	['k30wvnx8', 'r6943zpb', 'm4u4ulml', 'ikon1ktb', 'mf73oqp6']
951	['xcsl2evz', 'mw0wb8a8', 'dnxhtbxn', 'j99cgsjt', 'vs6ev73e']
952	['t4y1ylb3', 'ruewzstg', '7wu8bfo4', '7a543f7v', 'yrhb6ktc']
953	['00ia8k0b', '3qvh482o', '5hxsagx6', 'hg3xpej0', '0041cay9']
954	['7a7oi5dt', '951nay25', 'gw9hkw00', 'jgcv1wf3', 'wqu8dm15']
955	['zrnxq5uq', 'e4xw6gyp', 'k8wb51i7', 'hwg0lthr', 'cd5m77rd']
956	['5aev7ltr', '26kx1b0h', '36zu137v', 'rbgoabfk', 'hn6clwoj']
957	['kt1az1pf', 'wun5rwsk', '9miesbf1', 'fvcyqzgb', '6hl6rtsh']
958	['855atuue', 'cwekmw1a', '30r8zd0l', 'jc245v1o', 'c6p7hgh4']
959	['hn6clwoj', 'zbi0llig', 'uohbxoeb', 'bzeqs5oh', '675v58x8']
960	['fu685z9a', 'e7gq365q', 'h9nzxlaf', 'jfvq2gfx', '4pyx0xps']
961	['5xfgmi2n', 'r5552ql7', '6cx33se3', '87v7i620', 'nuzt4jcf']
962	['jbvsmuea', 'ecro0w9n', 'ocxl6cf4', 'lby3xhmp', 'g4hlvnmq']
963	['f5twvg9g', 'octtj2vf', '0n51j2jo', 'rpjg4a9i', 's96beqsh']
964	['mqup3o1x', '6vqf2n5j', 'qhbuvt1l', '65efipbi', 'kiq6xb6k']
965	['nnkul2r2', 'g0za5fqi', 'c0i45oix', 'jvood8ur', 'h13dq0x4']
966	['bpu3hpbn', 'vymre7uv', 'x9veckdi', 'a64w0a1y', 'v0f5vxk0']
967	['h9i67wbp', 'ixvtt3g8', '5w4cc534', 'mncip6jj', 'f64tksb4']
968	['xavegbty', 'hm332jqo', 'hbkl5cam', 'tuqmar6w', 'g1zce6p9']
969	['lehzj4d8', 'pp6ktvv1', 'aqutzlx4', 'hkopopa6', 'rp9opdmd']
970	['aky3bja0', 'ej9qbrt8', '4gr6i8rf', '4hog76lx', 'h8c8lc0a']
971	['08u566ia', 'psk1lnff', 'ihgxtu8g', '3c1fujrd', 'agvrw27o']
972	['8anqfkmo', 'lpar7tc8', 'ay7gv9lv', 'lz8b60ew', 'iu5ndsxn']
973	['3l6ipiwk', '8t5r7ts4', '9h74xlvv', '71c9w51t', 'wxrv37ec']
974	['rxx0w56j', 'zbr3kfv2', 'k6txwaul', 'tfb1ve2p', 'pkoux9yt']
975	['n8j1iq8p', 'mqnqjn0c', 'kt1az1pf', 'v9y1iw3o', 'wun5rwsk']
976	['0ho4f5wg', 'fmwb9abq', 'wq4jsc4x', 'v4y49n7i', 'g1tjpc9z']
977	['7qz1o6aa', 'i6mdlf36', 'ssmw2jef', 'wgfdd3lm', 'toy8i1lm']
978	['8o2xddof', 'mo23hpe1', 'xnrb0byz', 'fub50lvt', 'bzeqs5oh']
979	['b5eve7re', 'kutc6ts0', 'td8uwcas', 'y04dub8o', 'rnfh9v1h']
980	['otp1atui', 'pzqmg22v', 'iimx8nt8', '8zm7n7j9', 'h82r1ttc']
981	['eyhtf6mv', 'pzqmg22v', 'n5ogyxz7', 'y12veqre', '36flecmg']
982	['0crs45tt', 'eq5qqshb', 'cfd1x420', 'eo1uz3g2', 'rpjg4a9i']
983	['ximw03ej', '2ui7z8wi', 'oxtvcoi9', '8ko7mmu3', 'del20ax2']
984	['s6b2zp99', 'ogchq8gz', 'nhkd88yv', 'gof2of9o', 'cy8vyb6j']
985	['37gpov43', 'ia8rou81', 'hp62t734', 'ebgu29uh', '68x50rni']
986	['y6reys3r', '56rn6d6o', '3urmf3ie', 'pxwwpfos', 'z1jr2urk']
987	['25aj8rj5', '94w1sbsb', '0an1j8wk', 'ujq9mxk7', 'zdfx3zo3']
988	['8p81kc9z', 'usr8hzcw', 'tat66vxm', 'n2wqalcu', '3sqy16rs']
989	['9195zweg', '9k6uqs2q', 'bfmcqcq1', 'u79trvqf', 'm31pjcrl']
990	['8acldtv2', 's2hp3sat', 'jgq968f6', 'y7s6qt6j', 'e0pbs354']
991	['mzekhyu0', 'lwpvyy49', 'vz8eu3vc', 'utak6i4e', '97msfh4l']
992	['jcq5omdq', 'dij3wy6q', 'h400e0kk', 'qci7khki', 'gdyntyxk']
993	['3p2cuxk0', '0illlel7', '7g7sgabs', '5nncqp3z', '52qpcg63']
994	['0clp6zt6', 'v49l6txn', '45y7jepy', '8hchfgx6', 'b88nilfd']
995	['3urmf3ie', 'sts48u9i', '7fociv5v', 'lj37a4xn', '5rsxnrdr']
996	['so6irh9b', 'y40s45iv', '0pptqw7o', 'lclxe7i9', 'qa1tbu6t']
997	['kgggepu0', 'cabmmgg6', '1vd4j3qc', 'pfh6nm9r', 'mi6bdisx']
998	['jisznsr3', 'et1ekgdl', '41jqgsv0', 's1hmhupe', '8zm7n7j9']
999	['tloczjn5', '41uuzzpg', 'arcz8ku9', 'o68mentl', 'g8tckoxj']
1000	['w1tdg8bb', 'rfbihylo', 'fk62t9ym', '3kjckx8o', 'g9pwxfd2']
1001	['j8666ial', 'p40x3cxr', '28wn23nl', 'cwreauh8', 'bn22k0p3']
1002	['a0dvzhc8', 'faue5ywu', 'ydh4ve24', '6mzqk12f', '5rsxnrdr']
1003	['55yxh5er', 'kxdfnykd', 'zbbh6wl3', 'yx3j6373', 'tx2dwo04']
1004	['74o2xil2', 'eapwqsrc', 'wzz5ioek', 'cs2mgj70', 'xl1e9gzc']
1005	['s4cfdgbv', '9wx4ltyd', 'hygxwl2f', 'zzscey1f', 'o68mentl']
1006	['b4mjo92p', 'plzklj7c', '9e6g15iw', '15q47bw5', 'k36t200n']
1007	['1z1tces3', '56uzzrh8', 'eo1uz3g2', 'ilt03dfk', 'vjubia8r']
1008	['65efipbi', '3kng7qea', 'x22rc60j', 'fbsrggog', 'txnegebz']
1009	['vp2t4xkn', 'yy77zuu4', '7fua7kgs', 'toy8i1lm', '7obhnmah']
1010	['hm1n8wz2', 'wdtrpnkn', 'y26bsn0n', '4zcjjoc7', 'so6irh9b']
1011	['2w80hys9', 'cv6no7nw', 'ha5voupo', '24ie3mhq', '0bdi3yxk']
1012	['xchvlphf', '7xb7hj9u', 'qjqk8xge', 'dpt7sh4h', 'baodjrw2']
1013	['9dlaaye8', 'w4dyadpa', 'elviuvfz', '9sub2wtu', 'jcueu1xh']
1014	['4frv2vb7', '5nyc1cn5', 'belhjr5e', 'w3gt0w41', '8gh3q7p3']
1015	['9pei109o', 'yy77zuu4', 'avmfz0z7', '7x9jzge5', 'isivkz8b']
1016	['s6b2zp99', 'tzp03hmr', 'zrnxq5uq', 'tz2shoso', 'jgcv1wf3']
1017	['gw9hkw00', 'ztxfa5b8', 'rb20ge7e', 'r7aqsyfl', 'ypmeh8y3']
1018	['uxz185vr', 'ny7wkswf', 'hg3xpej0', 'jrqlhjsm', 'q5veu992']
1019	['acyexmyq', 'nvebqwwh', '250glj07', 'iali360u', 'j23pvlj9']
1020	['zpv5f8pr', '6vqf2n5j', 'texmsvyt', 'xtnyad3j', 'fe456in0']
1021	['2v6zigt8', 'ivy95jpw', 'nxu1xoax', 'roe6g61u', 'sywxrxmf']
1022	['7ru6tapp', '5y6gjl2t', 'pvshw2pn', 'mjjjciff', 'fbcu88lv']
1023	['soa71kwx', '6pn9jwfn', 'dccymlie', 'r6gzbnu2', '87fruomm']
1024	['okfsy72o', '39nzvid1', 'h6b8xuvs', 'dcmlei8z', '2u5zxc2i']
1025	['46r46ja3', 'g99myvw1', 'atnxkvy6', 'aj7rwpbn', 'npe81wc8']
1026	['2fyo2q4n', '3w5ouagx', 'wb601nx8', 'mzpzz8sr', 'ck338ifc']
1027	['gtol0evh', 'eq5qqshb', 's96beqsh', 'w3d33mq0', 'wtxhbzr9']
1028	['ximw03ej', '8ko7mmu3', 'u8mu4yga', 'ef3warsh', 'f72i7wxu']
1029	['rfbihylo', 'fk62t9ym', 'g9pwxfd2', 'xxm6o1l1', '5ogges89']
1030	['yrowv62k', '5z0xwlxp', 'ike8mgh6', 'eay6qfhz', '9mn6trtn']
1031	['9oui0l6v', 'e1macqqm', 'yidait6a', 'vaeh5z4z', '8rn7q32f']
1032	['fx2ikn2t', 'zx9wt8wi', 'fjzhe9tp', '6qkjwsst', 'k80bu4fs']
1033	['nerxtetr', 'qhrwngde', 'hg0lyy93', 'd6zrj60t', 'eyhgtpe0']
1034	['nwb7qf9l', 'jk37ej4c', 'o6kj5b97', 'zc10b6j5', 'soa71kwx']
1035	['d8gx7xbj', 'ld7lhdi1', '48ay8yl3', '38d140wp', '3qtxnbb2']
1036	['vszlmtf4', 'xi17qo6z', '6aku7ghk', 'tn8houmc', 'rnq3k34m']
1037	['0loj2fsm', 'qowp861l', '8gh3q7p3', 'ki93iltt', '4pgish5x']
1038	['7a7oi5dt', 'oi8epg9m', 'yt2fp8zl', '3ls0po4k', 'faue5ywu']
1039	['zpv5f8pr', 'q8dl0gcc', '3oetrhdh', 'ok33bqqg', 'ko8lyoob']
1040	['x4zcpr02', 'fk62t9ym', 'txnegebz', 'eflwztji', 'yw5lzibk']
1041	['t7a9edv3', 'i9jrobdb', '59u9ezr2', '4mat0psy', 'qxhujttt']
1042	['1iago9rr', 'kjl04qy5', '3kjckx8o', 'r9qtzdvk', 'aqfrykut']
1043	['ef3warsh', 'g17lp8ch', 'dhd9e9bn', 'nie9mud9', 'bb6lv6yg']
1044	['80cbwj3o', 'sz072p5o', 's1h3p5s9', '25aj8rj5', 'uxz185vr']
1045	['xj02160p', 'pzqmg22v', '195h4ofw', 'pfb3l2u3', 'c0i45oix']
1046	['xee6npr3', 'kgmugkmw', 'wun5rwsk', 'k4ubol2x', 'awfgfmx1']
1047	['v5beddu4', 'yqx0xqz9', '15q47bw5', 'jer4jwwf', 'm79zl7ka']
1048	['ny7wkswf', 'uxz185vr', 'hg3xpej0', '80cbwj3o', 'f14zbj4o']
1049	['w0ebmg16', 'z86g8dzs', '8je46886', '9pb2eqoa', 'eay6qfhz']
1050	['b2iit1ef', 'zkb1zbvq', '42i1i6br', 'qt5qv3zx', 'r440fw19']
1051	['cjmmwl2q', 'ovpfh7sh', 'qxxn1zf9', '811lov8f', 'otfb69ft']
1052	['niw61l9r', 'qe8mxow7', 'jaamms1g', 'ho6qjkyr', 'q5veu992']
1053	['zc10b6j5', 'b2oi45ei', 'zv8xt1dd', 'e7uvbra5', 'jlnt1pdd']
1054	['9n7a9g78', '3r418rss', '5gldyo2d', 'yfbg2n2u', 'f0t5l7kb']
1055	['t0s5ufzv', 'gsplo37j', 'vpz3o29f', 'mdx41yqn', '58mdhe5v']
1056	['cqv2cv9r', 'ay7gv9lv', '8drlvdkp', 'z9jqbliw', '73i7h1wi']
1057	['qcssljgq', '7pbrnn2g', 'idg7c8wf', 'tx2dwo04', 'kajker7i']
1058	['r5v2gi3v', '7n4t8i2n', 'me08w1ir', 'a0dvzhc8', 'ecro0w9n']
1059	['38d6gb7o', 'eje3i558', 'uuy94dwa', 'b31ctbat', 'myeiu66g']
1060	['4pcv1i3i', 'p5ceve0x', 'c0i45oix', 'l8bs2km2', 'fsl4veps']
1061	['7zngkwoh', 'ef3warsh', 'cnmawglq', '1aqf98e0', '0vlh67jw']
1062	['t4y1ylb3', 's6b2zp99', 'dudc5eh8', 'z6elaxpc', '3lfmmfp2']
1063	['keaxietu', 'dhy80rkn', '5q8k71et', 'b0g8y96j', 'q6j7vy8u']
1064	['24u6q3ae', 'kr4sr1ae', '64sdgroi', 'foy3dsq4', 'wdfzrzkt']
1065	['ffy19pp9', 'cmp1bvhd', 't90pvtad', '2lanvyia', 'jdob76wp']
1066	['0bczgiyy', '9wvlt53w', 'ipon95io', 'ksbha7kz', 'on6ss822']
1067	['gk3wr6s1', '34ulkvl4', 'ra28885e', 'r66qkekd', 'hcwuv519']
1068	['xchvlphf', 'cbhlzemx', '7z7zxcm2', 'p3dex2to', '59u9ezr2']
1069	['ziaiufzs', 'lhx0it2z', 'wquu9zf7', 'q4jjtw63', 'toy8i1lm']
1070	['fep6qm4d', 'a2voobqa', '1a7ugd24', 'vrs88dcy', '9qsqj91d']
1071	['unhrmzn5', '1hlqov6m', 'g4hlvnmq', 'ho78ojxc', 'llqpfhwg']
1072	['u89jd28e', 'q4q06pzc', 'vw3cuiof', 'h8ej5w6j', '80cbwj3o']
1073	['ogchq8gz', '353wr671', 'tljydrnu', 'ionhyrbf', 'g4i4hkhz']
1074	['qalficgu', 'gnhvvpn6', '1a5oy6fr', 'pj7no3fe', '8gub6wmy']
1075	['aclcbxkd', '1smu8yc3', '089b1z4b', '21qgukm1', 'ofbnzo6n']
1076	['sz072p5o', '1v8xf5uy', '4cqf9v2v', 'n2kn7o67', 'dcfqvp4p']
1077	['3urmf3ie', '8xf8u6bg', '9enbrd6h', 'wdfzrzkt', 'foy3dsq4']
1078	['abjt5vfd', 'xwkdz2jm', '8a8eheip', 'rwbciyze', 'awb1stsr']
1079	['s96beqsh', 'octtj2vf', '1ik8lrid', 'f5twvg9g', 'b4161ynv']
1080	['ql9cfh1j', 'h786qsjt', 'eu1dgkw2', 'q5veu992', '10l6kx3e']
1081	['z18owc90', 'rob84q03', '22b3rl2s', 'g6i3x433', 'rf8mo2bs']
1082	['w9zyshzb', 'tsyl7crt', 'kmwfce00', '3qefts96', 'car394ou']
1083	['lvvw1npq', 'igm2qr4p', '6fpw6y8t', 'ip9geldg', 'v7ckvxjp']
1084	['vg7dvptg', 'ko8lyoob', 'u8f58mx1', '1k0xqhda', '8d0p6qpc']
1085	['8wqii0nd', 'lbkjxws4', '78qyuk5x', 'obhm5mc5', 'u95kg3m0']
1086	['me08w1ir', 'td8uwcas', '54fmvcl5', 'glpca9u0', 'ti8hnjgc']
1087	['ulfz0b15', '7a7oi5dt', '9aw78s63', '52jtd51o', 'y5a9xtr5']
1088	['qnuphz59', '61snvddh', 'rgmurgbf', 'v13kzr5y', 'ip9geldg']
1089	['vbayngh0', 'rv26qfmf', '8gh3q7p3', 'myeiu66g', 'i89fbfea']
1090	['7kxi7px1', 'gunn55f9', 'nbqukjzv', 'a66sszp2', '8efdzlc0']
1091	['xof56j98', 't97pdl4u', 'cyfdvgvy', '2l883zhe', 'bzeqs5oh']
1092	['4ifng0a6', 'dhd9e9bn', '1vcc1khg', 'f3mvdpq1', '1v8xf5uy']
1093	['ko8lyoob', 'pzqmg22v', '0ojzssli', 't1vom8f3', 'n5ogyxz7']
1094	['t2gbeb3c', '4zxfghz3', 'kjgyjk2g', 'q0n5mad0', '6teavsk5']
1095	['8zm7n7j9', 'et1ekgdl', 'u31ixcwa', '0ojzssli', '2qwk2z22']
1096	['mxg2q1vd', 'uliopaz0', 'qlejjw9s', 'dksw5yzp', 'btao9cun']
1097	['bnzb1yon', 'ha5ld7be', '9qsqj91d', '5z0xwlxp', '4i19gysg']
1098	['s96beqsh', 'j1ucrhd7', 'qxxn1zf9', 'gtol0evh', 'ey0r1py7']
1099	['aqke0012', '0vy5yifk', 'kl2w6yiv', '46c98cvm', 'mdsjbfmx']
1100	['8co5gwkz', '4gof1yl8', 'vj2z52vg', 'f0wpsaip', '493uvn41']
1101	['g4hlvnmq', 'vmizkujc', 'j7ltjn4k', 'ppuki7qn', '7d6snq1v']
1102	['f96qs295', '1s8jzzwg', 'ropgq7tr', 'x9sfgtim', '0imnd2q5']
1103	['km2uxj9p', 'x7ybnese', 'sikgdopk', '8drlvdkp', 'ekej22k3']
1104	['sgo76prc', 'b5eve7re', '52jtd51o', '35nshnn2', 'f3mvdpq1']
1105	['k36rymkv', 'u31ixcwa', 'v2981aa6', '8rn7q32f', 'q6j7vy8u']
1106	['wzqdo1st', '8tqm4k6k', '9b6cepf4', 'm3t1hx5o', 'rpwmcqbg']
1107	['h2uc7ria', 'dlpgq0rm', '3njpm1gg', 'ccxnsmia', 'jer4jwwf']
1108	['me08w1ir', 'td8uwcas', '54fmvcl5', 'glpca9u0', '5e5cavkw']
1109	['5ckds66x', 'a3lk2q02', 'bfmcqcq1', 'mjm2kap6', 'psghawl0']
1110	['2sp8nm0i', '81pr5etw', 'ansf1j7u', 'efm6zj9r', 'g914ir8h']
1111	['0emibwp3', 'mja2qlpk', 'x9sfgtim', '2bpyvgv7', 'ropgq7tr']
1112	['y12veqre', '3jnhboif', '36flecmg', 'et1ekgdl', '0lk8eujq']
1113	['faec051u', 'i0swl50w', 'k36rymkv', '1w3x0g42', 'g4250q6l']
1114	['mxg2q1vd', '4mblzyxk', 'u2kjft6q', 'lbkjxws4', 'wnm89gfo']
1115	['xld7ztx5', '2iupb6gj', 'ok9o9tta', 'p7cbnrji', '0rlotyz3']
1116	['bns5eb1t', 'g0cgjlok', 'ashxoaav', 'rhnr430g', '8p0xdqba']
1117	['f5twvg9g', 'soz9p0yd', 'b5eve7re', 'k2zrdjyo', '35nshnn2']
1118	['rlr17nah', '6fpw6y8t', 'igm2qr4p', 'q2i328sz', 'cymppa7g']
1119	['p3dex2to', '89n52jny', 'pxwwpfos', 'aawjla6h', '08bw0h8m']
1120	['ny7wkswf', 'uxz185vr', 'q5veu992', '5525dp31', '8w43qkqu']
1121	['uu883ofc', 'qys4jl5j', '38d6gb7o', 'fcb8egak', 'kyoa5gsf']
1122	['hert77y1', '8jejswuk', '8xrccucr', 'flqdf8vd', '8gh3q7p3']
1123	['zz4cczuj', '4ttda53p', 'vjwu0fvp', 'am2rrgrb', '1zbsbcdd']
1124	['ji3s6rnu', 'jvood8ur', 'y6ufb4l6', '8pislcjr', 'q91h510l']
1125	['jisznsr3', 'k36rymkv', '0ojzssli', 's01g5wxg', '8rn7q32f']
1126	['ajwhnmli', '5wlbalzu', '00ugdhvf', '68o7g6k7', '61snvddh']
1127	['apfimvix', 'n9aqux5a', 'c187k4yc', '78t2h7st', 'xxm6o1l1']
1128	['uexahhdr', '3qefts96', 'cpc1yefj', 'onbq7hia', 'w9zyshzb']
1129	['b2fwktld', 'x73moqog', 'ryj83uw3', 'ztxfa5b8', '164yx77a']
1130	['pz3e9y4i', 'iy8pp5ey', 'g05z8cux', '0ctlde8w', '3f0pgo4z']
1131	['kwutlh8k', 'eay6qfhz', '8ko7mmu3', 'ntxr1ivx', '9qsqj91d']
1132	['hiw576og', 'pscw933i', 'jincu9xx', '56rn6d6o', 'bn22k0p3']
1133	['bw6a5gmy', '24u6q3ae', 'dr067qlf', 'h9i67wbp', '6rpm4phy']
1134	['5azti19e', 'zew4tzy7', 'kayh0v56', 'bturl9cx', '4bbngq0z']
1135	['0pptqw7o', 'mqyu72nc', 'so6irh9b', 'ydh4ve24', 'qa1tbu6t']
1136	['fgab2fu3', 'kczhrxxd', 'tzxrztr7', 'rjelshrp', 'uk0hlynp']
1137	['wh9vvgv2', '41uuzzpg', '1hfvmyfs', 'rytalfyx', '6e444g2z']
1138	['7ld7hyaw', '3qefts96', 'gtp5daep', '414dyokn', 'car394ou']
1139	['cf3l8uzq', 'qm0f590n', '52qpcg63', 'g4nceu64', 'fo4ax1od']
1140	['f5p37j7g', 'dgcawqyk', 'noale9n1', 'f4hj35dr', '8of3u2sc']
1141	['86auifl6', 'ngywgodg', 'q2i328sz', 'aclzp3iy', 'q4zuslmp']
1142	['hjuftxwg', 'tmp6yxlv', 'ldyumgm9', '0kqlxx26', 'rytalfyx']
1143	['n6ro088v', '9pp81nw7', '00ugdhvf', 'cgl7ne0v', 'h0spcvjl']
1144	['a7frertc', 'wjktna81', 'cpqeo65g', '5nue46dm', '1psfiqqj']
1145	['t4y1ylb3', '7a543f7v', '0nhgxoim', 'yrhb6ktc', 'jincu9xx']
1146	['n1ysi7qc', 's19w1p2i', '4p6fcy8f', 'rgmurgbf', 'wuazkwsi']
1147	['ii3di3dz', 'pzqmg22v', 'jpenhh92', 'zoipx650', 'gk3wr6s1']
1148	['dgnddq80', 'unnrflmr', 'isxasd9b', 'wh9vvgv2', '4j8b8z4t']
1149	['9wnkmn27', '1l4o9pko', 'onlly1ga', '2l883zhe', 'xnrb0byz']
1150	['302hphhx', 'eapwqsrc', '21lbbcxy', '8of3u2sc', '79sbtnhu']
1151	['nz976qc6', '186wyg7t', 'hn6clwoj', 'z218oii3', '3r418rss']
1152	['iylmvmv3', 'upiu3e2d', 'gin90aef', '7zngkwoh', 'fj6l76hq']
1153	['7mcfehzc', '5g4smxpv', 'ftt4diu4', 'e7gq365q', 'r0nmq9ne']
1154	['32v44sw9', 'mt8h4rk5', '0nhgxoim', 'm40kwgcg', 'zz4cczuj']
1155	['ximw03ej', 'oxtvcoi9', '23n5r8qj', 'gbf8beq4', 'kc6dls2z']
1156	['m89wmmxd', '5zhjn3u2', 'ypls4zau', 'awfgfmx1', 'moxjaxuy']
1157	['r7aqsyfl', 'amw2c96l', '7fua7kgs', '9bhi3rqu', 'uj5deryi']
1158	['a702kkx0', 'y047cuxp', 'gsplo37j', 'bk3ss63e', 'cymppa7g']
1159	['hb2lieh3', '1wui9gwa', 'nj1p4ehx', 'qwgxm1ol', 'y4eyse0y']
1160	['jqueo6zg', '5t16srpn', '0z7ey1nm', 'yr27lnq8', 'q93luiw2']
1161	['w1bx4a7v', 'sxi0tpsf', '9b6cepf4', 'w3ls1d7w', 'yg0ovmu5']
1162	['jisznsr3', 'jpenhh92', 'ii3di3dz', 'fcdwitxy', 'lrgmyfjs']
1163	['82hqy612', 'w0ebmg16', '5z0xwlxp', '1s8jzzwg', 't9e774ed']
1164	['8vk15klh', '43ocdbp5', '29opurlw', '7aaiyppx', 'mup5hr7e']
1165	['zdfx3zo3', 'oyr4klqk', 'uohbxoeb', 'i2grfr3u', 'km0yzqqq']
1166	['dptapovm', 'ztxfa5b8', 'bti9aw8g', 'vmizkujc', 'qvj36vut']
1167	['pb25lrnw', 'd1p8zo23', '8p0xdqba', 'jc245v1o', 'stn5gl2b']
1168	['b4yj7vw0', '32v44sw9', 'ueb7mjnv', '7hvbbq15', 'bctb0ewu']
1169	['xchvlphf', 'ch7nna59', '3e2soc6w', 'tovfd9lw', 'rgmurgbf']
1170	['h0spcvjl', 'hygxwl2f', 'hhy9g1yf', '40fvjskj', 'w9zyshzb']
1171	['r4j1rcm5', 'iwc72ymq', 'e5tey69t', 'fynl88p5', 'fbsrggog']
1172	['8ncc6d2n', 'rtus1qyw', 'gme1zk3n', 'imte5ong', 'ny7wkswf']
1173	['znwa2kig', 'd1pgjtjh', 'h1mo3bs8', 'glyoiu93', '8pislcjr']
1174	['me08w1ir', 'ximw03ej', '0clp6zt6', 'eay6qfhz', 'u8mu4yga']
1175	['0jl6qu0i', '61snvddh', 'cfkh0ypy', '64sdgroi', 'yxkub54e']
1176	['3tlv2b5x', 'qy4gsvac', '02u91ess', 'vwrhypnl', '7bhue8w5']
1177	['g2j4uqem', 'jfuwelzt', 'bshcsfxr', '408m4t00', '75rhjcz5']
1178	['jfjxujwj', '11bh9v5i', '09fmkhu5', '1jpwtd4t', 'vrjibtfi']
1179	['f0wpsaip', '86auifl6', 'a0dvzhc8', '9ok153yl', 'uyrg5bed']
1180	['ii3di3dz', 'jpenhh92', '2u5zxc2i', 'y12veqre', 'zoipx650']
1181	['y4m987yn', 'agpuilt2', '9qklnvyl', '3qefts96', '1hlqov6m']
1182	['1ma4hp52', 'bsypo08l', '3qgwoblb', 'qun2lfcv', 'glpca9u0']
1183	['bns5eb1t', 'v7szuzfa', 'to9ixrwr', '0aqww7cz', '500ypv61']
1184	['spfc0fc0', '0bh8i14e', 'bzeqs5oh', 'hn6clwoj', 'a66sszp2']
1185	['di4p48ax', 'u66awao9', 'hunepli1', 't9hbbqay', 'tstx42h7']
1186	['t6de15ax', 'tmonjdrp', 'e7ntocgf', '2uwnamao', '5l6c0it4']
1187	['h7ftu3ax', 'jpenhh92', 'ii3di3dz', '8ko7mmu3', '1vcc1khg']
1188	['c4m63cr3', 'a3fvifax', 'tv014ubp', 'mdy40mhu', 'ee8bzn2l']
1189	['pdiyqdb3', 'vj2z52vg', 'b6lq0aue', 'nj94rv6f', 'kiq6xb6k']
1190	['roe6g61u', 'onlly1ga', 'sywxrxmf', 'o1xkgkn1', 'ml27mexb']
1191	['u8mu4yga', 'f96qs295', '1s8jzzwg', '9mn6trtn', 'h7ftu3ax']
1192	['mz7b6ey3', 'tmonjdrp', 'elu3dztf', 'qtzhfnr6', 'cgz5ot21']
1193	['ziaiufzs', '8of3u2sc', 'xmgi40hg', 'gwprn5hh', 'eo89w6qp']
1194	['ximw03ej', '23n5r8qj', 'gbf8beq4', 'kc6dls2z', '1ha9cubv']
1195	['122yi9np', '3urmf3ie', '5tpkcd5z', '376x58k1', 'd78zcfls']
1196	['36zu137v', 'c0i45oix', 'j7j4bk9t', 'jpenhh92', 'ii3di3dz']
1197	['2hkdhwaw', 'z8ajje2l', 'pc04eb8e', 'orddpgl3', 's1dert6n']
1198	['w04z2f0q', 'n4ildbuc', '05g9172m', 'leqluxpl', '5tdmh0ac']
1199	['zv8xt1dd', 'b5eve7re', 'b2oi45ei', '9mact9br', 'ccj1dt86']
1200	['wslsqytj', 'ybcr7clp', 'n3yuvf8v', 'kdxoyvsv', 'kyt14ufu']
1201	['jmdrupds', 'udtoutew', '3oetrhdh', 'b1w9ns78', 'pw51kd1r']
1202	['ki93iltt', '0loj2fsm', 'df5n5v09', '4pgish5x', 'wku1sd9k']
1203	['4sq7t6hg', 'lzgwxshi', 'zmc0kl4r', 'q7mm4nwm', '8n4zf9oo']
1204	['089b1z4b', 'n2ih64pz', 'tij7lakb', 'uliopaz0', 'zr4pw0e7']
1205	['jk37ej4c', 'rj9k9awy', 'txnegebz', 'kfsuiz5t', 'vj2z52vg']
1206	['3u3i5myh', 'a4klrp3h', '8lnjbxe5', 'v5eth1m3', 'ypqusgs3']
1207	['t4y1ylb3', 'ruewzstg', 'dljqpvyk', '7a543f7v', 'wq0mebm4']
1208	['1omv4r30', 'bl96upg3', 'khkw1hhv', 'gpdr4gfh', 'jdo7afuh']
1209	['q5f98qzk', 'mzqo4wjo', 'q2i328sz', 'iobpcfs5', 'n5sei1oc']
1210	['4ag4oune', 'x4ix852w', 'qwax5tg9', '2um2wbcs', 'o61dn71v']
1211	['zyrvgaql', '73pzirry', '7097q0r1', 'lehxgldu', '9pn62o4p']
1212	['9n7bkayx', 'mlo8zypy', 'ypls4zau', 'cj7tcpsz', 'frxriw9v']
1213	['2mtuw7gb', 'itvjhlnn', 'geo7ac5i', 'xcs9podj', 'kx4x2g24']
1214	['08mfxvql', 'xre1l41y', 'j7ltjn4k', 'f60z8jo2', 'g4hlvnmq']
1215	['4wi9lln9', 'gr3tnp3c', 'zqzs6vtf', 'tq2vdo88', '6939kke1']
1216	['dq3qunwe', '2bupc5jh', 'dztaijzu', 'tded20ih', 'bhleyzhc']
1217	['5w4cc534', 'suqkidrm', 'gbgcfa2o', 'jswlq6wp', 'g1tjpc9z']
1218	['o4ri7t16', '2hfkrl8m', '9sub2wtu', 'k4k3kcrh', 'j9xlhtko']
1219	['0n51j2jo', 'r0taoqsw', 'b6lq0aue', 'f5twvg9g', 'wm6iem8d']
1220	['b6lq0aue', 'gvihovvq', 'ko8lyoob', '6k0nhmg9', 'vg7dvptg']
1221	['gjustwrb', 'bw6a5gmy', 'n0actmsc', 'in9a3bvi', 'j5erjttt']
1222	['vxf2jexb', '9uxazk87', 'v7szuzfa', 'g0cgjlok', 't1ughb9b']
1223	['1nk1t5qs', 'fsid4a39', '5053t5ki', '2yka2luy', 'b3nv1vl6']
1224	['ut1k8xe7', 'fcb8egak', 'vaeh5z4z', 'z1uz0awb', 'unnrflmr']
1225	['1a7ugd24', 'cgxs9uam', 'mfop9fne', 'unx1pv2k', 'mj9xc5fv']
1226	['qfq1nfcn', '3jrb0sn8', 's96beqsh', 'wi1slkpf', 'dm6pznm2']
1227	['z5493bye', 'isivkz8b', '6j9x3pn5', '0phf73r6', 'zdfslfmb']
1228	['qeqd4soe', 'ip9geldg', '0r580il2', 'fien6nra', 'ax3e82js']
1229	['2qwk2z22', '40dsvwyb', 'iz74o9de', 'u31ixcwa', '0oxo2awm']
1230	['w0ebmg16', 'z86g8dzs', '9pb2eqoa', 'eay6qfhz', 'dhd9e9bn']
1231	['so6irh9b', 'nrhk8ctf', 'tk0iwpnb', '7hporv6w', 'lclxe7i9']
1232	['582ts5mf', 'bdvnwrd4', 'fbsrggog', '2ytec133', 'rda2kmv1']
1233	['1l4o9pko', 'aakzdkcj', 'd21lvneh', 'qeqd4soe', 'l5xecp5p']
1234	['o78vcy90', 'sfm82h0g', '8glhd9xe', '3urmf3ie', 'ngywgodg']
1235	['tjhz8bdb', '7lhoq10e', 'trjx01al', 'm8xfza1d', 'y10k2cvc']
1236	['khdbmv9r', '7vadpp3d', 'u8ptvem7', 'eaal8ymw', 'auiod44t']
1237	['sxi0tpsf', 'ef3warsh', 'q5veu992', 'dhd9e9bn', '8iqs6jko']
1238	['8ncc6d2n', 'gme1zk3n', 'n2rec4i8', 'rnq3k34m', 'q5veu992']
1239	['fteydbm8', 'ajzcx2rg', '65ois1qn', 'k36rymkv', 'oz047qmf']
1240	['6uli512b', 'noale9n1', '0phf73r6', 'ximw03ej', '1niaplc2']
1241	['q4m2uj6r', '5dbuxvc4', 'p6uliadr', 'car394ou', '3qefts96']
1242	['u89jd28e', '6a6tyvtz', 'b5eve7re', '5nxcmedx', '4vtad2ve']
1243	['7wu8bfo4', 'yb9uyov3', 'oi8epg9m', 't1ughb9b', 'z6sjfdb9']
1244	['gw9hkw00', 'wubcq0xx', 'pb25lrnw', '855atuue', '30r8zd0l']
1245	['hfk8nikl', 'dcli6uaq', 'mz1bof2x', 'evuixig8', '0u4nmrq4']
1246	['7g7sgabs', '45qyz490', '9ui0t9tf', 'ngywgodg', 'foy3dsq4']
1247	['wigakw9h', '8drlvdkp', 'rsrupgx4', 'wnm89gfo', 'mxfrfyeg']
1248	['belhjr5e', 'd21lvneh', 'o1xkgkn1', '0r580il2', 'r76tqrwz']
1249	['5xfgmi2n', 't4os33em', '5ngg5hm4', 'an8957d8', 'ajwhnmli']
1250	['ximw03ej', 'u8mu4yga', 'vx1hjh26', 's2hp3sat', 'eay6qfhz']
1251	['sonxopa0', 'k36rymkv', 'ch7nna59', '21lbbcxy', '7mcfehzc']
1252	['k9xhphpl', '80dfqjql', 'bn22k0p3', 'r7aqsyfl', 'az7f7zgr']
1253	['wzqdo1st', 'eay6qfhz', 'mja2qlpk', 'vdfnrh9k', '9mn6trtn']
1254	['7lli72ph', '10v7kfcd', 'yj3yisum', 'v857wnfh', 'zbzrxuoh']
1255	['c9sidpy9', '9wvlt53w', 'i8cvxis2', '24u6q3ae', 'on6ss822']
1256	['9wnkmn27', 'onlly1ga', '1l4o9pko', 'aakzdkcj', 'iu5ndsxn']
1257	['13kzv4b2', 'dqrp18c6', 'fsid4a39', '9jfclm9c', 'h4kc04w0']
1258	['sjrle2n0', 's7wykoze', 'sts48u9i', '7xt894vr', '05g9172m']
1259	['gdbr8zwr', 'ywi0a8s1', '0n07fow0', 'wnm89gfo', '8drlvdkp']
1260	['6hehg1yf', 'ix48o00j', 'yk872yaz', 'm39qdgey', 'zy48nad1']
1261	['me08w1ir', '54fmvcl5', 'xneu8glk', '30r8zd0l', 'xe8t3uqp']
1262	['tm9jb7bq', 'osct0lj6', '4ttda53p', 'rybjc58j', 'c0i45oix']
1263	['dblqryhy', 'ktm0akxd', 'k5jkntul', 'bre2ijbb', 'wzyj4y30']
1264	['yfpioqi5', '0bjl60gl', 'l8bs2km2', 'dgnddq80', '37ricask']
1265	['v14gqr6q', '566pbuic', 'qe8mxow7', 'niw61l9r', 'jkff091e']
1266	['gg2swy7i', '9oui0l6v', 'e1macqqm', 'qn6wawxk', 'vadaxbsr']
1267	['86qczmbt', 'pxo5uh4w', 'vmizkujc', 'g4hlvnmq', 'ppuki7qn']
1268	['yosjlefy', 'r0nmq9ne', 'pspko62f', '2qre0gc7', 'e7gq365q']
1269	['7xb7hj9u', 'yj3yisum', 'iff8cuum', 'm5pe8kr4', 'zd8c1no7']
1270	['a0dvzhc8', '52jtd51o', 'me08w1ir', 'vj2z52vg', 'byw8jsqv']
1271	['6rpm4phy', '755ym7vl', 'ulwirxeu', 'shfkl0bs', 'ne7e12nj']
1272	['a0dvzhc8', '0aqww7cz', 'z6cdyy0w', '30r8zd0l', 'pdd5wepz']
1273	['r1tl2hrk', '3s3tzfnn', 'ybxuykpz', 'n1cg1cba', 'yxkub54e']
1274	['wa5rxe76', '97msfh4l', 't13pehgc', '18b6ikq3', 'g1w6w5tm']
1275	['56rn6d6o', '9169o29b', 'isivkz8b', 'w0j0n8mn', 'ylojjfri']
1276	['q8l3ra55', 'p0jht22m', 'raw2mt47', '36flecmg', '3jnhboif']
1277	['2hkdhwaw', 's1dert6n', 'z4cq9klm', 'w74mx03c', 'sfm82h0g']
1278	['9uxazk87', 'po32j519', 't1ughb9b', '6274gicp', '2iul5pxa']
1279	['1vd4j3qc', 'c6p7hgh4', 'dpws8p4y', 'z6elaxpc', 'n5c0hcwn']
1280	['pgasbdpp', 'dqrp18c6', 'ogrlupbx', 'd4eae8g3', 'bb3l8apn']
1281	['uk6whrhz', '0fpa1f30', 'mtq19xku', '3p2cuxk0', '0illlel7']
1282	['u42d1p1j', 'kd3as3b9', 'gg5c8v7d', 'p94qntyb', 'ikon1ktb']
1283	['s1hmhupe', '8f83k2ce', '3jnhboif', 'isxasd9b', 'o8gdpf0i']
1284	['qjfe2t9v', 'hltkddac', 'idlk9itu', '5rhrd0s4', '9fgqe5ep']
1285	['tsv0rcr3', '0pcgcbjw', 'vj2z52vg', 'hhy9g1yf', 'mz1bof2x']
1286	['2firaix6', '65ois1qn', 'jjgfgqwg', 'lj74054o', '4mat0psy']
1287	['zrnxq5uq', '1qvkl05s', 'ydh4ve24', '7n6pva1l', 'tq2vdo88']
1288	['kjr6dcqv', 'n2ih64pz', 'gc9eg5j3', '089b1z4b', 'g0cgjlok']
1289	['jzm6nc41', '95zrth5d', '2u5zxc2i', 'e0pz0z4j', '8xrccucr']
1290	['vmizkujc', 'oi8epg9m', 'gw9hkw00', '7a7oi5dt', 'y1gt6bfu']
1291	['gkf3wez8', '10dkpj5h', '3xvphg52', '5sfojk7y', 'b3ap3gac']
1292	['9pp81nw7', '2leg4980', 'hg3xpej0', 'c7ci5w56', 'gtp01rna']
1293	['urj0nssb', 'cpqeo65g', 'gbf8beq4', '7j7u4sv3', '34hbc1w9']
1294	['mkgszhkk', 'ksbha7kz', 'f8yphpxl', '7tp8z7n8', '08bw0h8m']
1295	['tjhz8bdb', '9rgv88qf', 'idg7c8wf', '2zu4jjkp', 't019zx7q']
1296	['vdgu6h0a', 'gqwwfpch', 'xs7vkm19', '8acldtv2', 'xsqgrd5l']
1297	['jmhexmet', 'texmsvyt', '0n51j2jo', 'yj3yisum', 'xtnyad3j']
1298	['55gugbs8', '2qcuygax', 'byw8jsqv', 'ecro0w9n', 'vhjzjdou']
1299	['z92xqedn', 'hkk23tqt', '2w6p6jji', '1itor6ic', 'rgmurgbf']
1300	['q58dzxwc', 'i3ahtzdd', 'krg8jvfz', 'klmhhvtc', 'eauj21v4']
1301	['bfcz49t9', 'dxrltm25', 'xpwv8xlv', '9pb2eqoa', '8iqs6jko']
1302	['me08w1ir', 'td8uwcas', '54fmvcl5', 'glpca9u0', '3l3zs90e']
1303	['4c7ug40v', 'j1lhgciv', 'ravcm60e', 'aqcllik0', 'yj25zkx6']
1304	['h5fvf5ja', '5o0ihd3f', 'nxh1su1i', 'unbx6od5', 'qd73h1ie']
1305	['g4nto9kf', 'c9cenvt4', '71ixs3y4', 'vqlnd5rx', 'hc4zu9t5']
1306	['ximw03ej', '7env0mf5', 'cqsga44v', 'jlnc3u6q', '8ko7mmu3']
1307	['z68tl88x', 'ooy5nf1d', 'arcz8ku9', 'ocxl6cf4', '8p0j9nvq']
1308	['ow39tpxn', 'ko8lyoob', 'q48rqmw5', 'qjin5w03', '6ukt0gbn']
1309	['3cl3q80m', 'styavbvi', 'is9a77dk', 'xld7ztx5', 't3xd28ly']
1310	['9n7bkayx', 'mlo8zypy', 'ypls4zau', '4hdj6mtf', 'awxo0osz']
1311	['p9c3g251', 'aodb3j1y', '1tamgmzm', '6zmoicru', '6mfd3n4s']
1312	['jisznsr3', '195h4ofw', 'u31ixcwa', 'o8gdpf0i', '0ojzssli']
1313	['9e6g15iw', '9ixpj162', 'plzklj7c', 'ucea0r2u', '1475ms9x']
1314	['5q49qq42', '8mmau2lz', 'tafg1xoo', 'mo4luyx6', 'dlpgq0rm']
1315	['cnz7jlw4', 'mz1bof2x', 'f0kcf2y0', '59u9ezr2', 'jxsldz4o']
1316	['rhnr430g', 'v47publm', 'ocxl6cf4', 'ecro0w9n', '1k0qpuys']
1317	['9ixpj162', 'v5beddu4', 'yqx0xqz9', '387spphe', 'irz0l5wv']
1318	['l97yi8l9', 'nz976qc6', '186wyg7t', 'tq2vdo88', 'zqzs6vtf']
1319	['eay6qfhz', 'jo38hjqa', 'octtj2vf', 'xpwv8xlv', 't0iw2vod']
1320	['k2jzadwq', '855atuue', 'dkfohub3', 'xee6npr3', '3ncm8iwb']
1321	['zweyxxg2', 'j1lhgciv', 'f0wzxv39', 'lh82rl24', 'h2l70h1u']
1322	['astxi4el', 'sdf0ozz1', 'uuojkhn3', 'ltga2btq', '1vcc1khg']
1323	['x7ffgtrd', '9rxv6fy9', '4c3evbqw', '8ko7mmu3', 'dxb6ulf3']
1324	['ep9moftg', 'ybpev0vi', 'gsplo37j', 'hwczi82m', 'kczhrxxd']
1325	['8n4zf9oo', '2scp98u0', 'pjh2lr22', '121p2shq', 'xcomjvaa']
1326	['5525dp31', '4seogrqq', 'h4kc04w0', 'zu07vbc4', 'hwczi82m']
1327	['dgnddq80', '8ruux4sw', '3s3tzfnn', 'wmpjfc02', 'y7lrp0gc']
1328	['1gbq9j88', 'ccxnsmia', 'h2uc7ria', 'pwvcwlh8', 'dnxhtbxn']
1329	['fsid4a39', 'g283lf8j', '6uli512b', 'xq525smx', '8je46886']
1330	['lty6oq3d', 'bv7hvc1e', 'c0i45oix', '0oq0xmzr', '5gshj480']
1331	['kl2w6yiv', 'wcmxmahq', 'n5bnpzj6', '0vy5yifk', 'mxfrfyeg']
1332	['mkgszhkk', 'fj6l76hq', '8je46886', 'rj9k9awy', '30pl5tx3']
1333	['jisznsr3', 'y12veqre', 'ii3di3dz', 'jpenhh92', 'iuziorsk']
1334	['jc5ik84m', 'egzlstrz', 'z6gyw3um', 'opw9cmbe', '0an1j8wk']
1335	['qlng0zvn', 'n39y3kq2', 'c4g3vlrs', 'xs7vkm19', 'm8dg6l11']
1336	['6x8xp62f', 'zweyxxg2', 'yx3j6373', '3bo4md44', 'oc7koh6s']
1337	['rp9opdmd', 'sajmj1jw', 'nwifmuu2', 'ivy95jpw', 'm69ceq2t']
1338	['0njeeoc3', '9e3mxt1a', 'jo0m0w68', 'jkm496ip', 'h7zamgdf']
1339	['039k70vs', 'x7siihod', '9183740p', 'sem6z3ka', 'zd8c1no7']
1340	['d06npvro', 'r9di7ndv', 'fm6lf66a', 'wpuf4ofo', 'xcomjvaa']
1341	['43joavrl', 'wq0mebm4', '6yio5mjl', 'spohl5ey', '2rqouaol']
1342	['ub7ilx98', 'yjm6asp5', '2dixw8up', 'v4pkwd44', 'gha1wg4w']
1343	['idg7c8wf', '5gshj480', 'i9wjpbe7', 'k8xp61uu', '6lsl7ahj']
1344	['ic2h01gm', 's96beqsh', 'ai60maqz', '5u63aqo5', 'xpwv8xlv']
1345	['zecuhkcd', '2h4cat6k', 'x3f1yyjk', 'az7f7zgr', 'puu8wib8']
1346	['hfk8nikl', 'dcli6uaq', 'mqk72say', 'u10j114l', 'ybjnep46']
1347	['30r8zd0l', 'leg5ntvu', '855atuue', 'hlv5zb0s', 'v056i6g7']
1348	['ga5z3via', 'ulfz0b15', 'yb9uyov3', 'w0ebmg16', 'hqapg5ow']
1349	['s19w1p2i', 'je585xia', 'kiq6xb6k', 'be4afbyo', 'bxuwx1jj']
1350	['7auhiq44', 'yb6lmv1a', 'vcl64usu', '9rgv88qf', 'i5vlkqvr']
1351	['mkgszhkk', 'fj6l76hq', 'rj9k9awy', '3e2soc6w', 'tql5cv8k']
1352	['aqcllik0', 'yj25zkx6', '2w68g7cv', 'kdegnr6i', '914oafkn']
1353	['4d6az41t', 'pf2wsny3', 'lk3w2kqv', 'dzkf7c7l', 'd06npvro']
1354	['iu5ndsxn', 'sywxrxmf', '2v6zigt8', 'ivy95jpw', '1l4o9pko']
1355	['ax3e82js', 'mo23hpe1', '675v58x8', 'ivy95jpw', 'dij3wy6q']
1356	['rh2jrojk', 'belhjr5e', '2l883zhe', 'ultl3rpu', 'xnrb0byz']
1357	['1y1ik2u9', '9169o29b', '7momt81r', 'y7s6qt6j', 's2hp3sat']
1358	['ximw03ej', '0clp6zt6', 'dhd9e9bn', 'tra5ewc5', '4eak8e8l']
1359	['mof7tf6m', '1fgnfh62', 'x9zg7ulr', 'nhkd88yv', 'pofysmv8']
1360	['mo4luyx6', 'dlpgq0rm', '5ah2yf59', 'tu1vevx9', 'go0tueah']
1361	['8w2t6u96', 'ksii37ja', 'uqeikj0m', 'm2id6kxw', '7fociv5v']
1362	['8hchfgx6', 'oz047qmf', 'b88nilfd', 'v49l6txn', '5vp2r2bd']
1363	['jisznsr3', 'zj3oixvk', 'flqdf8vd', '2u5zxc2i', 'yr27lnq8']
1364	['sqxdwu6j', 'ax87r0bj', '5tpkcd5z', 'et1ekgdl', '2jdlavwj']
1365	['5bl4h80v', 'bzeqs5oh', 'ud8cz3sp', 'xcduaqje', 't006jnl5']
1366	['8ihlm3fw', 'tx2dwo04', 'hsimf7wt', '2qre0gc7', 'h82s5xst']
1367	['uohbxoeb', 'te0v91nr', 'zdfx3zo3', 'd1w8xqvo', 'mcm8hvjx']
1368	['7q2jd0mf', 'ibnudp1x', 'ohqr1v13', '2ui7z8wi', 'foy3dsq4']
1369	['92f2xg0y', 'gtp5daep', 'ow39tpxn', 'tyaazpo9', 'q7pieq3w']
1370	['wgfdd3lm', 'iez1j9jn', 'qdmkx03t', '3tfof5nd', 'jvgq2p61']
1371	['3mk8dwf9', 'hm332jqo', 'oh23px9c', 'rimct0c4', 'vs6ev73e']
1372	['0illlel7', 'iy8pp5ey', '3o91v72a', 'bfmcqcq1', 'zhg1hvsq']
1373	['d9b814yp', '0aqww7cz', '8drlvdkp', 'wnm89gfo', 'ydh4ve24']
1374	['ef3warsh', '5nue46dm', '0clp6zt6', 'xuiswu2l', 'hgg33kwz']
1375	['7a7oi5dt', 'y1gt6bfu', 'xqpsdc8u', 'a0dvzhc8', 'ulfz0b15']
1376	['uw0rrel5', 'gjk8kc8g', 'z0ni4cyl', '0fpa1f30', 'rv26qfmf']
1377	['xtnyad3j', '8of3u2sc', 'xtmn1n0r', 'pg0l92zb', '6wb18u6w']
1378	['gk3wr6s1', '34ulkvl4', 'z6my1d83', '8ruux4sw', '0l5li1f0']
1379	['y1ob8tcq', '4img2we6', '1qwq3jme', '8wqii0nd', '57w1iir4']
1380	['sywxrxmf', 'qeqd4soe', 'nxu1xoax', '2v6zigt8', 'e9ba18fn']
1381	['wnm89gfo', 'pb25lrnw', 'd1p8zo23', 'amw2c96l', 'g4hlvnmq']
1382	['ximw03ej', 't0iw2vod', 'vp2t4xkn', '30pl5tx3', 'd06npvro']
1383	['focpnnks', '57w1iir4', 'y1ob8tcq', 'n3swuykg', 'yb6lmv1a']
1384	['dt7hip0z', 'qmo1zzkg', 'x4mgnhbg', 'u691yyuc', 'raw2mt47']
1385	['0j4z4ez7', 'lur9d6ji', 'ayd59zpj', 'rsrupgx4', 'grm6kfx7']
1386	['ximw03ej', 'dcpnwc2b', 'i99lqr0p', '2a12nsnl', 'ef3warsh']
1387	['9wnkmn27', 'lvydhfej', 'd21lvneh', 'zqzs6vtf', 'tq2vdo88']
1388	['icgsbelo', 'vj2z52vg', 'mvm1t0y7', '1niaplc2', 'b6lq0aue']
1389	['xgfk6txz', 'l8bs2km2', 'b0qj7tck', '2l5gc4x2', '479wkesk']
1390	['t3dzso36', '1gbq9j88', 'tyhwtt7j', 'ubyplrlf', 'aqcllik0']
1391	['qeqd4soe', 'sywxrxmf', 'hert77y1', 'nxu1xoax', 'hcw0cisk']
1392	['unx1pv2k', 'e8mk04uf', 'mfop9fne', 'cgxs9uam', 'yj652emy']
1393	['urazxa6x', 'no7n99cg', 'zbbh6wl3', '3p2cuxk0', '3iz0ozpx']
1394	['mg7dfs1r', 'y07xjnpe', 'zoipx650', '9pijmlpz', '0ojzssli']
1395	['y349r3r6', '9h4zzo5q', '7a7oi5dt', 'dlwfu274', '582ts5mf']
1396	['bpnqz1cn', 'dvpqkmnh', 'rcdoewwv', '951nay25', 'an1wfsvk']
1397	['in69fhw9', 'faue5ywu', 'g4hlvnmq', 'oi8epg9m', 'pb25lrnw']
1398	['hmjaz4kc', 'g266ttng', '00ugdhvf', 'cgl7ne0v', '9fsk7ftz']
1399	['2j11uxmx', 'rb20ge7e', 'x73moqog', '53t1mhnb', 'ljlsvc9h']
1400	['zj0yxy2z', 'dulkvri3', 'w3m884ng', 'lbrvo18o', '4c7ug40v']
1401	['ivy95jpw', 'hert77y1', 'roe6g61u', 'nxu1xoax', 'sajmj1jw']
1402	['on53pegz', 'lae18d0l', '4ttda53p', 'tq8jpmin', '6zfpcm4j']
1403	['5y6gjl2t', 'ce1a9k8b', 'jlnopr1j', 'hdk02l2r', 'qnuphz59']
1404	['dksw5yzp', 'g0cgjlok', '5ojyly05', 'amw2c96l', '0zjpvzof']
1405	['u31ixcwa', '16ff3c7m', '40dsvwyb', '383sp7f5', '2qwk2z22']
1406	['ucmzbezx', 'zecuhkcd', 'khrzwlmi', 'yi2m5ukw', 'u8ptvem7']
1407	['xeb14weg', 'cjfn4dna', 'f2ypnls4', '4socpj73', 'nbqne4wp']
1408	['erdcvj30', 'yfbg2n2u', '5pe3wag3', '6sgeraws', '4c3evbqw']
1409	['rwovxw7a', 'lgtpeqhw', '71cxwu1t', 'waujy98e', '8lzpz58y']
1410	['ulfz0b15', 'qjfe2t9v', '2mtuw7gb', 't1ughb9b', 'l07q84ni']
1411	['71x3b75z', '0g3pro4v', '3f0pgo4z', 'qxwjpv40', '54o2p36a']
1412	['cgc0v1dg', 'z3ktkgyp', 'isivkz8b', 'yy77zuu4', '64sdgroi']
1413	['jisznsr3', '0ojzssli', 'mjb3ip7a', 'wxrv37ec', '195h4ofw']
1414	['ti8hnjgc', '2scp98u0', '65efipbi', '5hei9fac', '05vmhjjp']
1415	['ybpev0vi', 'usr8hzcw', 'jcp3u4mf', 'c80hle1p', '1tqwmy8m']
1416	['vjvyjblu', '25aj8rj5', 'ml8j19l7', 't2gxkxxd', '2jdlavwj']
1417	['xtnyad3j', '0imnd2q5', 'm2z6k2va', 'eay6qfhz', 'dhd9e9bn']
1418	['trmwm9qq', 'sygm6irl', '9aw78s63', 'dqhdws5k', 's2hp3sat']
1419	['pdd5wepz', '0aqww7cz', '30r8zd0l', '3o91v72a', '7d6snq1v']
1420	['y6jw3gws', 'toq9wrg9', 'e8mk04uf', 'am2rrgrb', 'jn1w8h2p']
1421	['6xxm7hcs', 'vuxxerob', 'bb6lv6yg', '2yka2luy', 'r457lo2r']
1422	['5525dp31', 'iayyox4r', 'm4vu77v6', 'whkfvd7l', 'ksgdjdh1']
1423	['b4161ynv', 'terj0odi', 'nc60nlq7', 'ip9geldg', 'ljt9rn8z']
1424	['s2vckt2w', 'octtj2vf', 's96beqsh', 'qxxn1zf9', 'vrs88dcy']
1425	['g3ny530a', 'wp3rwdum', 'eknixot2', '1be4l05u', 'b3nv1vl6']
1426	['3p2cuxk0', 'kxdfnykd', '3urmf3ie', 'g05z8cux', '0illlel7']
1427	['m72i8vtq', 'eumvomou', 'ib17jyva', '3bo4md44', 'fsl4veps']
1428	['sjkni2uc', 'edr7hrhp', 't90pvtad', '9pn62o4p', 'o9xdv4x0']
1429	['irx4pcsx', 'b4mjo92p', 'tvg6q8cw', '0nhgxoim', 'lpoxaetv']
1430	['86auifl6', 'dzlqe7n5', 'vaeh5z4z', 'cy8vyb6j', '4a7fzrxg']
1431	['tbio295u', 'x73moqog', '78t2h7st', 'wxhbwcfr', 'r7kvv48s']
1432	['ximw03ej', 'u8mu4yga', '8ko7mmu3', 'hqapg5ow', '1s8jzzwg']
1433	['urk8aa5b', 'isk5cu0k', 'kyy53jru', 'zb7ge4b8', 'yxu6d45m']
1434	['ximw03ej', 'mkgszhkk', 'u8mu4yga', '8ko7mmu3', '86auifl6']
1435	['ebgu29uh', 'hp62t734', 'mzekhyu0', '97msfh4l', '68x50rni']
1436	['23n5r8qj', 'hh643w7m', 'b9evh1l2', '2vs7geu6', 'qopfltoi']
1437	['fquzwsiu', 'n9aqux5a', '6r4jyop7', '1uabldiq', 'akbq0ogs']
1438	['lgtpeqhw', 'iucrorzh', 'k30wvnx8', '8lzpz58y', 'rwovxw7a']
1439	['1smu8yc3', 'tij7lakb', 'uliopaz0', 'zsygn29p', '78t2h7st']
1440	['bnzb1yon', '8of3u2sc', 'jaamms1g', 'kojb8efv', '81fv8lzd']
1441	['b0nkhsvv', 'j5vhny44', 'fagcyea9', 'ragjcn97', '3ss714ha']
1442	['ohyvuybc', '06fwhyac', 'x64zft78', 'vq9m9m94', '18b6ikq3']
1443	['32ut5vr7', 'pwb7rw89', 'dh3zqjbz', '7np944lw', 'kupt3km8']
1444	['65ois1qn', 'ttl1ozc6', '9rczqcaz', 'ldmjcf2n', 'o9xdv4x0']
1445	['leg5ntvu', 'm2id6kxw', '6wpyxcuy', 'nlnkgkjo', 'krg8jvfz']
1446	['pzqmg22v', 'y12veqre', 'zoipx650', 'n5ogyxz7', '3jnhboif']
